INSERT INTO `pos`.`mark`(`id`,`name`) VALUES(1,'Norma'); 
INSERT INTO `pos`.`mark`(`id`,`name`) VALUES(2,'Faber Castell'); 
INSERT INTO `pos`.`mark`(`id`,`name`) VALUES(3,'Bic'); 
INSERT INTO `pos`.`mark`(`id`,`name`) VALUES(4,'Kores'); 
INSERT INTO `pos`.`mark`(`id`,`name`) VALUES(5,'Scribe'); 
INSERT INTO `pos`.`mark`(`id`,`name`) VALUES(6,'Sharpie'); 
INSERT INTO `pos`.`mark`(`id`,`name`) VALUES(7,'Canson'); 
INSERT INTO `pos`.`mark`(`id`,`name`) VALUES(8,'Espiral'); 
INSERT INTO `pos`.`mark`(`id`,`name`) VALUES(9,'Pointer'); 
INSERT INTO `pos`.`mark`(`id`,`name`) VALUES(10,'Inpapeles'); 
INSERT INTO `pos`.`mark`(`id`,`name`) VALUES(11,'Formas'); 
INSERT INTO `pos`.`mark`(`id`,`name`) VALUES(12,'Minerva'); 
INSERT INTO `pos`.`mark`(`id`,`name`) VALUES(13,'Mark inks'); 
INSERT INTO `pos`.`mark`(`id`,`name`) VALUES(14,'Rairan'); 
INSERT INTO `pos`.`mark`(`id`,`name`) VALUES(15,'Belpapel'); 
INSERT INTO `pos`.`mark`(`id`,`name`) VALUES(16,'Formas Futuro'); 
INSERT INTO `pos`.`mark`(`id`,`name`) VALUES(17,'Ecor distr.'); 
INSERT INTO `pos`.`mark`(`id`,`name`) VALUES(18,'Primavera'); 
INSERT INTO `pos`.`mark`(`id`,`name`) VALUES(19,'Happy'); 
INSERT INTO `pos`.`mark`(`id`,`name`) VALUES(20,'Triton'); 
INSERT INTO `pos`.`mark`(`id`,`name`) VALUES(21,'Schick'); 
INSERT INTO `pos`.`mark`(`id`,`name`) VALUES(22,'Master AS'); 
INSERT INTO `pos`.`mark`(`id`,`name`) VALUES(23,'Qnota'); 
INSERT INTO `pos`.`mark`(`id`,`name`) VALUES(24,'Mercury'); 
INSERT INTO `pos`.`mark`(`id`,`name`) VALUES(25,'Formas x'); 
INSERT INTO `pos`.`mark`(`id`,`name`) VALUES(26,'Onix'); 
INSERT INTO `pos`.`mark`(`id`,`name`) VALUES(27,'Offi-esco'); 
INSERT INTO `pos`.`mark`(`id`,`name`) VALUES(28,'Pegastic'); 
INSERT INTO `pos`.`mark`(`id`,`name`) VALUES(29,'Confetty'); 
INSERT INTO `pos`.`mark`(`id`,`name`) VALUES(30,'Varta'); 
INSERT INTO `pos`.`mark`(`id`,`name`) VALUES(31,'Energizer'); 
INSERT INTO `pos`.`mark`(`id`,`name`) VALUES(32,'Medicare '); 
INSERT INTO `pos`.`mark`(`id`,`name`) VALUES(33,'Pelikan'); 
INSERT INTO `pos`.`mark`(`id`,`name`) VALUES(34,'Make up'); 
INSERT INTO `pos`.`mark`(`id`,`name`) VALUES(35,'Lander'); 
INSERT INTO `pos`.`mark`(`id`,`name`) VALUES(36,'Eveready'); 
INSERT INTO `pos`.`mark`(`id`,`name`) VALUES(37,'Tronex'); 
INSERT INTO `pos`.`mark`(`id`,`name`) VALUES(38,'Mi trencito'); 
INSERT INTO `pos`.`mark`(`id`,`name`) VALUES(39,'Mayfield'); 
INSERT INTO `pos`.`mark`(`id`,`name`) VALUES(40,'Kilometrico'); 
INSERT INTO `pos`.`mark`(`id`,`name`) VALUES(41,'Pelikan x'); 
INSERT INTO `pos`.`mark`(`id`,`name`) VALUES(42,'Cellux'); 
INSERT INTO `pos`.`mark`(`id`,`name`) VALUES(43,'Casio'); 
INSERT INTO `pos`.`mark`(`id`,`name`) VALUES(44,'Varios'); 
INSERT INTO `pos`.`mark`(`id`,`name`) VALUES(45,'Papeles'); 
INSERT INTO `pos`.`mark`(`id`,`name`) VALUES(46,'Cartulinas'); 
INSERT INTO `pos`.`mark`(`id`,`name`) VALUES(47,'Mostrador'); 
INSERT INTO `pos`.`mark`(`id`,`name`) VALUES(48,'Carton Box'); 
INSERT INTO `pos`.`mark`(`id`,`name`) VALUES(49,'Indust. Botero'); 
INSERT INTO `pos`.`mark`(`id`,`name`) VALUES(50,'Scribe x'); 
INSERT INTO `pos`.`mark`(`id`,`name`) VALUES(51,'Pappyer'); 
INSERT INTO `pos`.`mark`(`id`,`name`) VALUES(52,'Lukis'); 


INSERT INTO `pos`.`category`(`id`,`name`) VALUES(1,'Cuadernos'); 
INSERT INTO `pos`.`category`(`id`,`name`) VALUES(2,'Esferos'); 
INSERT INTO `pos`.`category`(`id`,`name`) VALUES(3,'Lapices'); 
INSERT INTO `pos`.`category`(`id`,`name`) VALUES(4,'Colores'); 
INSERT INTO `pos`.`category`(`id`,`name`) VALUES(5,'Plastilinas'); 
INSERT INTO `pos`.`category`(`id`,`name`) VALUES(6,'Pegantes'); 
INSERT INTO `pos`.`category`(`id`,`name`) VALUES(7,'Papeles'); 
INSERT INTO `pos`.`category`(`id`,`name`) VALUES(8,'Pinturas'); 
INSERT INTO `pos`.`category`(`id`,`name`) VALUES(9,'Bolsas regalo'); 
INSERT INTO `pos`.`category`(`id`,`name`) VALUES(10,'Fiestas'); 
INSERT INTO `pos`.`category`(`id`,`name`) VALUES(11,'Oficina'); 
INSERT INTO `pos`.`category`(`id`,`name`) VALUES(12,'Manualidades'); 
INSERT INTO `pos`.`category`(`id`,`name`) VALUES(13,'Varios'); 
INSERT INTO `pos`.`category`(`id`,`name`) VALUES(14,'Cartulinas'); 
INSERT INTO `pos`.`category`(`id`,`name`) VALUES(15,'Caja regalo'); 
INSERT INTO `pos`.`category`(`id`,`name`) VALUES(16,'Lienzos'); 



/*INSERT ROLE*/
INSERT INTO `pos`.`role`(`id`,`name`,`create_time`,`update_time`,`delete_time`)
VALUES(1,'ADMIN','2023-04-22 08:00:00',null,null);
INSERT INTO `pos`.`role`(`id`,`name`,`create_time`,`update_time`,`delete_time`)
VALUES(2,'USER','2023-04-22 08:00:00',null,null);

/*INSERT USER*/
INSERT INTO `pos`.`user`(`id`,`username`,`password`,`id_role`,`create_time`,`update_time`,`delete_time`)
VALUES(1,'administrador','$2a$10$j05FKESRtjrzoQIwL7w8vOj3DtZyFrMvPK.X4bOdIb70kb.uDLg6u',1,'2023-04-22 08:00:00',null,null);
INSERT INTO `pos`.`user`(`id`,`username`,`password`,`id_role`,`create_time`,`update_time`,`delete_time`)
VALUES(2,'usuario','$2a$10$yVAPMBAxhASkPmMHh26/B.jxxmMIDx5dzq9zBptvg8n7go0JvBSLO',2,'2023-04-22 08:00:00',null,null);

/*INSERT STATES*/
INSERT INTO `pos`.`state`(`id`,`name`,`create_time`,`update_time`,`delete_time`)
VALUES(1,'Activo','2023-04-22 08:00:00',null,null);
INSERT INTO `pos`.`state`(`id`,`name`,`create_time`,`update_time`,`delete_time`)
VALUES(2,'Inctivo','2023-04-22 08:00:00',null,null);

/*
INSERT INTO `pos`.`product` (`id`,`code`,`short_description`,`description`,`price`,`id_category`,`id_mark`) VALUES (1,'8802946504183','Pegante en barra ','Pegante en barra',5400,6,2);
INSERT INTO `pos`.`product` (`id`,`code`,`short_description`,`description`,`price`,`id_category`,`id_mark`) VALUES (2,'7707369081628','Pegante en barra ','Pegante en barra',2200,6,27);
INSERT INTO `pos`.`product` (`id`,`code`,`short_description`,`description`,`price`,`id_category`,`id_mark`) VALUES (3,'8802946504183-1','Pegante en barra ','Pegante en barra',9500,6,2);
INSERT INTO `pos`.`product` (`id`,`code`,`short_description`,`description`,`price`,`id_category`,`id_mark`) VALUES (4,'7707369081635','Pegante en barra ','Pegante en barra',3600,6,27);
INSERT INTO `pos`.`product` (`id`,`code`,`short_description`,`description`,`price`,`id_category`,`id_mark`) VALUES (5,'7702003579097','Pegante en barra ','Pegante en barra',7200,6,28);
INSERT INTO `pos`.`product` (`id`,`code`,`short_description`,`description`,`price`,`id_category`,`id_mark`) VALUES (6,'8802946504145','Pegante en barra ','Pegante en barra',2800,6,2);
INSERT INTO `pos`.`product` (`id`,`code`,`short_description`,`description`,`price`,`id_category`,`id_mark`) VALUES (7,'5321345354630','1/8 Foammy escarchado','Foammy',1500,12,27);
INSERT INTO `pos`.`product` (`id`,`code`,`short_description`,`description`,`price`,`id_category`,`id_mark`) VALUES (8,'5321345356559','1/8 Foammy','Foammy',800,12,27);
INSERT INTO `pos`.`product` (`id`,`code`,`short_description`,`description`,`price`,`id_category`,`id_mark`) VALUES (9,'7707326070061','Barra plastilina','Plastilina',800,12,27);
INSERT INTO `pos`.`product` (`id`,`code`,`short_description`,`description`,`price`,`id_category`,`id_mark`) VALUES (10,'7706798801814','Papel carbon','Papel',300,7,26);
INSERT INTO `pos`.`product` (`id`,`code`,`short_description`,`description`,`price`,`id_category`,`id_mark`) VALUES (11,"3310'3461",'Hojas pergamino 90gr','Papel',800,7,7);
INSERT INTO `pos`.`product` (`id`,`code`,`short_description`,`description`,`price`,`id_category`,`id_mark`) VALUES (12,'7706563711461','Hojas pergamino 115 gr','Papel',1000,7,7);
INSERT INTO `pos`.`product` (`id`,`code`,`short_description`,`description`,`price`,`id_category`,`id_mark`) VALUES (13,'7707289700555','Bolsillos de laminacion','Papel',1000,7,8);
INSERT INTO `pos`.`product` (`id`,`code`,`short_description`,`description`,`price`,`id_category`,`id_mark`) VALUES (14,'7453078501277','Acetato carta','Papel',800,7,9);
INSERT INTO `pos`.`product` (`id`,`code`,`short_description`,`description`,`price`,`id_category`,`id_mark`) VALUES (15,'7707325120118','Block  edad media','Papel',6500,7,25);
INSERT INTO `pos`.`product` (`id`,`code`,`short_description`,`description`,`price`,`id_category`,`id_mark`) VALUES (16,'7707369380080','Block dina 4 blanco','Papel',4200,7,11);
INSERT INTO `pos`.`product` (`id`,`code`,`short_description`,`description`,`price`,`id_category`,`id_mark`) VALUES (17,'7707369380059','Block dina 4 horizontal','Papel',4200,7,11);
INSERT INTO `pos`.`product` (`id`,`code`,`short_description`,`description`,`price`,`id_category`,`id_mark`) VALUES (18,'7702124012978','Hojas de vida','Papel',800,7,12);
INSERT INTO `pos`.`product` (`id`,`code`,`short_description`,`description`,`price`,`id_category`,`id_mark`) VALUES (19,'7709682490330','Block milimetrado','Papel',4200,7,14);
INSERT INTO `pos`.`product` (`id`,`code`,`short_description`,`description`,`price`,`id_category`,`id_mark`) VALUES (20,'7704761015718','Papel fotografico','Papel',1000,7,13);
INSERT INTO `pos`.`product` (`id`,`code`,`short_description`,`description`,`price`,`id_category`,`id_mark`) VALUES (21,'7707369380400','Block din A3','Papel',6000,7,16);
INSERT INTO `pos`.`product` (`id`,`code`,`short_description`,`description`,`price`,`id_category`,`id_mark`) VALUES (22,'7707206393198','Block bond horizontal','Papel',6000,7,15);
INSERT INTO `pos`.`product` (`id`,`code`,`short_description`,`description`,`price`,`id_category`,`id_mark`) VALUES (23,'7709459024911','Hojas examen','Papel',300,7,14);
INSERT INTO `pos`.`product` (`id`,`code`,`short_description`,`description`,`price`,`id_category`,`id_mark`) VALUES (24,'7702124011162','Contrato de arrendamiento','Papel',2800,7,12);
INSERT INTO `pos`.`product` (`id`,`code`,`short_description`,`description`,`price`,`id_category`,`id_mark`) VALUES (25,'7702124808786','Pagares','Papel',2800,7,12);
INSERT INTO `pos`.`product` (`id`,`code`,`short_description`,`description`,`price`,`id_category`,`id_mark`) VALUES (26,'7702124012978-1','Contrato de comp. Vehiculo','Papel',2800,7,12);
INSERT INTO `pos`.`product` (`id`,`code`,`short_description`,`description`,`price`,`id_category`,`id_mark`) VALUES (27,'7702124012978-2','Contrato de arrendamiento ','Papel',2800,7,12);
INSERT INTO `pos`.`product` (`id`,`code`,`short_description`,`description`,`price`,`id_category`,`id_mark`) VALUES (28,"1119'1399",'Carpeta presentacion','Papel',700,7,17);
INSERT INTO `pos`.`product` (`id`,`code`,`short_description`,`description`,`price`,`id_category`,`id_mark`) VALUES (29,'7707321281059','Vinilos','8',1500,8,27);
INSERT INTO `pos`.`product` (`id`,`code`,`short_description`,`description`,`price`,`id_category`,`id_mark`) VALUES (30,'7707275929892','Bolsa regalo','Bolsa',4500,9,18);
INSERT INTO `pos`.`product` (`id`,`code`,`short_description`,`description`,`price`,`id_category`,`id_mark`) VALUES (31,'7707898693156','Bolsa regalo','Bolsa',5200,9,18);
INSERT INTO `pos`.`product` (`id`,`code`,`short_description`,`description`,`price`,`id_category`,`id_mark`) VALUES (32,'7707463690788','Bolsa regalo','Bolsa',3500,9,18);
INSERT INTO `pos`.`product` (`id`,`code`,`short_description`,`description`,`price`,`id_category`,`id_mark`) VALUES (33,'7707463691716','Bolsa regalo','Bolsa',5200,9,18);
INSERT INTO `pos`.`product` (`id`,`code`,`short_description`,`description`,`price`,`id_category`,`id_mark`) VALUES (34,'7707463691754','Bolsa regalo','Bolsa',5200,9,18);
INSERT INTO `pos`.`product` (`id`,`code`,`short_description`,`description`,`price`,`id_category`,`id_mark`) VALUES (35,'6951251558625','Bolsa regalo','Bolsa',3200,9,18);
INSERT INTO `pos`.`product` (`id`,`code`,`short_description`,`description`,`price`,`id_category`,`id_mark`) VALUES (36,'7707275926471','Bolsa regalo','Bolsa',2500,9,18);
INSERT INTO `pos`.`product` (`id`,`code`,`short_description`,`description`,`price`,`id_category`,`id_mark`) VALUES (37,'7707275926464','Bolsa regalo','Bolsa',2500,9,18);
INSERT INTO `pos`.`product` (`id`,`code`,`short_description`,`description`,`price`,`id_category`,`id_mark`) VALUES (38,'6930254789328','Velas FC','Velas',4000,10,19);
INSERT INTO `pos`.`product` (`id`,`code`,`short_description`,`description`,`price`,`id_category`,`id_mark`) VALUES (39,'7702202034809','Confetis FC','Confetis',3000,10,29);
INSERT INTO `pos`.`product` (`id`,`code`,`short_description`,`description`,`price`,`id_category`,`id_mark`) VALUES (40,'7705465016582','Chinches','Chinches',5200,11,20);
INSERT INTO `pos`.`product` (`id`,`code`,`short_description`,`description`,`price`,`id_category`,`id_mark`) VALUES (41,'48937740','Hoja cuchilla','Cuchilla',2600,11,21);
INSERT INTO `pos`.`product` (`id`,`code`,`short_description`,`description`,`price`,`id_category`,`id_mark`) VALUES (42,'7709990457643','Tijeras 11','Tijeras',6000,11,27);
INSERT INTO `pos`.`product` (`id`,`code`,`short_description`,`description`,`price`,`id_category`,`id_mark`) VALUES (43,'7707489078492','Pistola silicona','Pistola silicona',15000,11,24);
INSERT INTO `pos`.`product` (`id`,`code`,`short_description`,`description`,`price`,`id_category`,`id_mark`) VALUES (44,'7705465060639','Gancho legajador','Gancho',400,11,20);
INSERT INTO `pos`.`product` (`id`,`code`,`short_description`,`description`,`price`,`id_category`,`id_mark`) VALUES (45,'7707275922862','Lluvia sobres','Sobre',2000,10,18);
INSERT INTO `pos`.`product` (`id`,`code`,`short_description`,`description`,`price`,`id_category`,`id_mark`) VALUES (46,'7702111515376','Cuaderno cuadriculado 100 hojas','Cuaderno cuadriculado ',3800,11,19);
INSERT INTO `pos`.`product` (`id`,`code`,`short_description`,`description`,`price`,`id_category`,`id_mark`) VALUES (47,'7707668554403','Cuaderno ferrocarril 100 hojas','Cuaderno ferrocarril ',3800,11,23);
INSERT INTO `pos`.`product` (`id`,`code`,`short_description`,`description`,`price`,`id_category`,`id_mark`) VALUES (48,'7702148800063','Cuaderno ferrocarril 50  hojas','Cuaderno ferrocarril ',3000,11,19);
INSERT INTO `pos`.`product` (`id`,`code`,`short_description`,`description`,`price`,`id_category`,`id_mark`) VALUES (49,'7709932208906','Lana escolar','Lana',800,12,22);
INSERT INTO `pos`.`product` (`id`,`code`,`short_description`,`description`,`price`,`id_category`,`id_mark`) VALUES (50,'7702094530069','Pilas  AA','Pilas',3000,13,30);
INSERT INTO `pos`.`product` (`id`,`code`,`short_description`,`description`,`price`,`id_category`,`id_mark`) VALUES (51,'7702087505425','Pilas AAA','Pilas',3000,13,36);
INSERT INTO `pos`.`product` (`id`,`code`,`short_description`,`description`,`price`,`id_category`,`id_mark`) VALUES (52,'7707249650395','Pilas AAA','Pilas',3000,13,37);
INSERT INTO `pos`.`product` (`id`,`code`,`short_description`,`description`,`price`,`id_category`,`id_mark`) VALUES (53,'7501015203248','Limpiatipos','Plastilina',9600,5,41);
INSERT INTO `pos`.`product` (`id`,`code`,`short_description`,`description`,`price`,`id_category`,`id_mark`) VALUES (54,'6845241850038','Banner FC','Baner FC',6000,10,13);
INSERT INTO `pos`.`product` (`id`,`code`,`short_description`,`description`,`price`,`id_category`,`id_mark`) VALUES (55,'6985570578071','Vlelas Numeros FC','Velas',2000,10,2);
INSERT INTO `pos`.`product` (`id`,`code`,`short_description`,`description`,`price`,`id_category`,`id_mark`) VALUES (56,'8648367525464','Serpentinas','serpentina',3200,10,43);
INSERT INTO `pos`.`product` (`id`,`code`,`short_description`,`description`,`price`,`id_category`,`id_mark`) VALUES (57,'5650475040138','Numeros metalizados','Numeros',2000,10,13);
INSERT INTO `pos`.`product` (`id`,`code`,`short_description`,`description`,`price`,`id_category`,`id_mark`) VALUES (58,'7707326071686','Crayones Jumbo','Crayones',12000,3,38);
INSERT INTO `pos`.`product` (`id`,`code`,`short_description`,`description`,`price`,`id_category`,`id_mark`) VALUES (59,'4895225300570','Tapa bocas blanco','tapa bocas',800,13,39);
INSERT INTO `pos`.`product` (`id`,`code`,`short_description`,`description`,`price`,`id_category`,`id_mark`) VALUES (60,'7702120010671','Pañuelos faciales','Pañuelos',2000,13,47);
INSERT INTO `pos`.`product` (`id`,`code`,`short_description`,`description`,`price`,`id_category`,`id_mark`) VALUES (61,'7703252035457','Curas impermeables','Curas',200,13,47);
INSERT INTO `pos`.`product` (`id`,`code`,`short_description`,`description`,`price`,`id_category`,`id_mark`) VALUES (62,'7709990353969','Corrector de cinta','Corrector',3400,13,47);
INSERT INTO `pos`.`product` (`id`,`code`,`short_description`,`description`,`price`,`id_category`,`id_mark`) VALUES (63,'7703252035396','Copitos de algodon','Copitos',1500,7,32);
INSERT INTO `pos`.`product` (`id`,`code`,`short_description`,`description`,`price`,`id_category`,`id_mark`) VALUES (64,'7703252035532','paños antibacteriales','Paños humedos',3200,7,32);
INSERT INTO `pos`.`product` (`id`,`code`,`short_description`,`description`,`price`,`id_category`,`id_mark`) VALUES (65,'7703064345300','Tinta china ','Tinta',4500,8,41);
INSERT INTO `pos`.`product` (`id`,`code`,`short_description`,`description`,`price`,`id_category`,`id_mark`) VALUES (66,'7703513110091','Ecoline para 12','Tinta colorante negra',3000,8,47);
INSERT INTO `pos`.`product` (`id`,`code`,`short_description`,`description`,`price`,`id_category`,`id_mark`) VALUES (67,'7703513110084','Ecoline para 12','Tinta colorante cafe',3000,8,47);
INSERT INTO `pos`.`product` (`id`,`code`,`short_description`,`description`,`price`,`id_category`,`id_mark`) VALUES (68,'7703513110107','Ecoline para 12','Tinta colorante blanco',3000,8,47);
INSERT INTO `pos`.`product` (`id`,`code`,`short_description`,`description`,`price`,`id_category`,`id_mark`) VALUES (69,'6438284106868','Espejo','Espejo',3500,13,34);
INSERT INTO `pos`.`product` (`id`,`code`,`short_description`,`description`,`price`,`id_category`,`id_mark`) VALUES (70,'7708466451987','Taja lapiz de deposito','Taja lapiz',2500,7,47);
INSERT INTO `pos`.`product` (`id`,`code`,`short_description`,`description`,`price`,`id_category`,`id_mark`) VALUES (71,'7702215130314','Removedor','Removedor de esmalte',7000,7,35);
INSERT INTO `pos`.`product` (`id`,`code`,`short_description`,`description`,`price`,`id_category`,`id_mark`) VALUES (72,'7709824802977','Porta minas 2.0','portaminas',3000,13,27);
INSERT INTO `pos`.`product` (`id`,`code`,`short_description`,`description`,`price`,`id_category`,`id_mark`) VALUES (73,'7709824802977-1','Porta minas 0.5','portaminas',2000,3,27);
INSERT INTO `pos`.`product` (`id`,`code`,`short_description`,`description`,`price`,`id_category`,`id_mark`) VALUES (74,'7709824802977-2','Porta minas 0.7','portaminas',2000,3,27);
INSERT INTO `pos`.`product` (`id`,`code`,`short_description`,`description`,`price`,`id_category`,`id_mark`) VALUES (75,'7703336701186','Minas ','Repuestos de portaminas 0.5',2000,3,2);
INSERT INTO `pos`.`product` (`id`,`code`,`short_description`,`description`,`price`,`id_category`,`id_mark`) VALUES (76,'6941287410257','Minas ','Repuestos de portaminas 2.0',2000,3,2);
INSERT INTO `pos`.`product` (`id`,`code`,`short_description`,`description`,`price`,`id_category`,`id_mark`) VALUES (77,'72067602008','Lapiz  carboncillo','Carboncillo',3000,3,47);
INSERT INTO `pos`.`product` (`id`,`code`,`short_description`,`description`,`price`,`id_category`,`id_mark`) VALUES (78,'7703336707188','Minas ','Repuestos de portaminas 0.7',2000,3,2);
INSERT INTO `pos`.`product` (`id`,`code`,`short_description`,`description`,`price`,`id_category`,`id_mark`) VALUES (79,'9023800990150','Minas ','Repuestos de portaminas 0.8',2000,3,4);
INSERT INTO `pos`.`product` (`id`,`code`,`short_description`,`description`,`price`,`id_category`,`id_mark`) VALUES (80,'7709733652083','Lapiz jumbo negro','Lapiz',2000,3,27);
INSERT INTO `pos`.`product` (`id`,`code`,`short_description`,`description`,`price`,`id_category`,`id_mark`) VALUES (81,'7709492484550','Lapiz jumbo rojo','Lapiz',2000,3,27);
INSERT INTO `pos`.`product` (`id`,`code`,`short_description`,`description`,`price`,`id_category`,`id_mark`) VALUES (82,'7703064002364','Micropuntas','Lapiz',1600,3,2);
INSERT INTO `pos`.`product` (`id`,`code`,`short_description`,`description`,`price`,`id_category`,`id_mark`) VALUES (83,'7709948859963','Micropuntas','Lapiz',1600,3,27);
INSERT INTO `pos`.`product` (`id`,`code`,`short_description`,`description`,`price`,`id_category`,`id_mark`) VALUES (84,'7709759032821','2','2',1400,2,27);
INSERT INTO `pos`.`product` (`id`,`code`,`short_description`,`description`,`price`,`id_category`,`id_mark`) VALUES (85,'7708991573130','2','2',1200,2,27);
INSERT INTO `pos`.`product` (`id`,`code`,`short_description`,`description`,`price`,`id_category`,`id_mark`) VALUES (86,'7709023412052','2','2',1200,2,27);
INSERT INTO `pos`.`product` (`id`,`code`,`short_description`,`description`,`price`,`id_category`,`id_mark`) VALUES (87,'7703252002381','Palos de paleta','Palos',1200,13,47);
INSERT INTO `pos`.`product` (`id`,`code`,`short_description`,`description`,`price`,`id_category`,`id_mark`) VALUES (88,'71641132832','6','Marcador 6',4500,2,6);
INSERT INTO `pos`.`product` (`id`,`code`,`short_description`,`description`,`price`,`id_category`,`id_mark`) VALUES (89,'7703486035698','2','2',1400,2,40);
INSERT INTO `pos`.`product` (`id`,`code`,`short_description`,`description`,`price`,`id_category`,`id_mark`) VALUES (90,'7707326071693','Borrador','Borrador',800,13,47);
INSERT INTO `pos`.`product` (`id`,`code`,`short_description`,`description`,`price`,`id_category`,`id_mark`) VALUES (91,'7703064447745','Borrador','Borrador',800,7,41);
INSERT INTO `pos`.`product` (`id`,`code`,`short_description`,`description`,`price`,`id_category`,`id_mark`) VALUES (92,'7703064446502','Borrador','Borrador',1000,7,41);
INSERT INTO `pos`.`product` (`id`,`code`,`short_description`,`description`,`price`,`id_category`,`id_mark`) VALUES (93,'7703336440160','Borrador','Borrador',1400,7,2);
INSERT INTO `pos`.`product` (`id`,`code`,`short_description`,`description`,`price`,`id_category`,`id_mark`) VALUES (94,'7709990007763','Tijeras punta roma','Tijeras',3000,7,27);
INSERT INTO `pos`.`product` (`id`,`code`,`short_description`,`description`,`price`,`id_category`,`id_mark`) VALUES (95,"4523'3",'Transportador 360','Transportador',3000,7,4);
INSERT INTO `pos`.`product` (`id`,`code`,`short_description`,`description`,`price`,`id_category`,`id_mark`) VALUES (96,"4523'3-1",'Transportador 180','Transportador',2000,7,4);
INSERT INTO `pos`.`product` (`id`,`code`,`short_description`,`description`,`price`,`id_category`,`id_mark`) VALUES (97,'9023800990501','Minas  0.5','Repuesto de portaminas 0.5',2000,13,4);
INSERT INTO `pos`.`product` (`id`,`code`,`short_description`,`description`,`price`,`id_category`,`id_mark`) VALUES (98,'9023800990709','Minas 0.7','Repuesto de portaminas 0.7',2000,13,4);
INSERT INTO `pos`.`product` (`id`,`code`,`short_description`,`description`,`price`,`id_category`,`id_mark`) VALUES (99,'7707321280397','Vinilos perlados','Vinilo dordo',2000,13,47);
INSERT INTO `pos`.`product` (`id`,`code`,`short_description`,`description`,`price`,`id_category`,`id_mark`) VALUES (100,'7707321280359','Vinilos perlados','Vinilo plateado',2000,13,47);
INSERT INTO `pos`.`product` (`id`,`code`,`short_description`,`description`,`price`,`id_category`,`id_mark`) VALUES (101,'7707321280373','Vinilos perlados','Vinilo ocre',2000,13,47);
INSERT INTO `pos`.`product` (`id`,`code`,`short_description`,`description`,`price`,`id_category`,`id_mark`) VALUES (102,'7707321283206','Caja temperas','Temperas',3800,13,47);
INSERT INTO `pos`.`product` (`id`,`code`,`short_description`,`description`,`price`,`id_category`,`id_mark`) VALUES (103,'7702560000362','Algodon','Pqte algodon',3000,13,47);
INSERT INTO `pos`.`product` (`id`,`code`,`short_description`,`description`,`price`,`id_category`,`id_mark`) VALUES (104,'7707314794153','Silicona liquida','Silicona',3500,6,47);
INSERT INTO `pos`.`product` (`id`,`code`,`short_description`,`description`,`price`,`id_category`,`id_mark`) VALUES (105,'7707289700654','Bolsillos de laminacion','Laminacion',500,13,47);
INSERT INTO `pos`.`product` (`id`,`code`,`short_description`,`description`,`price`,`id_category`,`id_mark`) VALUES (106,'27242852273','CD','Disco CD',1500,13,47);
INSERT INTO `pos`.`product` (`id`,`code`,`short_description`,`description`,`price`,`id_category`,`id_mark`) VALUES (107,'7707202196540','Cinta enmascarar','Cinta 48mX20mts 2"',5500,13,47);
INSERT INTO `pos`.`product` (`id`,`code`,`short_description`,`description`,`price`,`id_category`,`id_mark`) VALUES (108,'7707202196526','Cinta enmascarar','Cinta 24mmX20mts 1"',3600,13,47);
INSERT INTO `pos`.`product` (`id`,`code`,`short_description`,`description`,`price`,`id_category`,`id_mark`) VALUES (109,'7707202196502','Cinta enmascarar','Cinta 12mmX20mts 1/2"',2000,13,47);
INSERT INTO `pos`.`product` (`id`,`code`,`short_description`,`description`,`price`,`id_category`,`id_mark`) VALUES (110,'7702148800254','Repuesto hojas','Repuesto hojas tamaño 95',3200,13,47);
INSERT INTO `pos`.`product` (`id`,`code`,`short_description`,`description`,`price`,`id_category`,`id_mark`) VALUES (111,'7 707369 380295','Cuadernillo de musica','Cuaderno musica',2800,13,47);
INSERT INTO `pos`.`product` (`id`,`code`,`short_description`,`description`,`price`,`id_category`,`id_mark`) VALUES (112,'7709990621310','Corrector lapiz','Corrector',2000,13,47);
INSERT INTO `pos`.`product` (`id`,`code`,`short_description`,`description`,`price`,`id_category`,`id_mark`) VALUES (113,'7709990400083','Corrector pincel','Corredctor',2500,13,47);
INSERT INTO `pos`.`product` (`id`,`code`,`short_description`,`description`,`price`,`id_category`,`id_mark`) VALUES (114,'7707325120132','Block iris','Block',6500,13,47);
INSERT INTO `pos`.`product` (`id`,`code`,`short_description`,`description`,`price`,`id_category`,`id_mark`) VALUES (115,'7702111559332','Block carta blanco','Block',5200,13,47);
INSERT INTO `pos`.`product` (`id`,`code`,`short_description`,`description`,`price`,`id_category`,`id_mark`) VALUES (116,'7702111559325','Block carta cuadriculado','Block',5200,13,47);
INSERT INTO `pos`.`product` (`id`,`code`,`short_description`,`description`,`price`,`id_category`,`id_mark`) VALUES (117,'7705465034746','Borrador retractil','Borrador',3500,13,47);
INSERT INTO `pos`.`product` (`id`,`code`,`short_description`,`description`,`price`,`id_category`,`id_mark`) VALUES (118,'7709990509212','Resaltador','Resaltador',2500,13,47);
INSERT INTO `pos`.`product` (`id`,`code`,`short_description`,`description`,`price`,`id_category`,`id_mark`) VALUES (119,'7703064486607','Marcador metalizado plateado','Marcador  ',3500,13,47);
INSERT INTO `pos`.`product` (`id`,`code`,`short_description`,`description`,`price`,`id_category`,`id_mark`) VALUES (120,'7703064486102','Marcador metalizado dorado','Marcador  ',3500,13,47);
INSERT INTO `pos`.`product` (`id`,`code`,`short_description`,`description`,`price`,`id_category`,`id_mark`) VALUES (121,'7709948859901','Resaltador','Resaltador',1800,13,47);
INSERT INTO `pos`.`product` (`id`,`code`,`short_description`,`description`,`price`,`id_category`,`id_mark`) VALUES (122,'7754111001816','6 permanente','6',3500,13,47);
INSERT INTO `pos`.`product` (`id`,`code`,`short_description`,`description`,`price`,`id_category`,`id_mark`) VALUES (123,'7703064495203','Marcador permanente','Marcador',2000,13,47);
INSERT INTO `pos`.`product` (`id`,`code`,`short_description`,`description`,`price`,`id_category`,`id_mark`) VALUES (124,'7702148800186','Block Oficio','Block oficio cuadriculado',4800,13,47);
INSERT INTO `pos`.`product` (`id`,`code`,`short_description`,`description`,`price`,`id_category`,`id_mark`) VALUES (125,"3304'5866",'Hojas Iris','Hojas iris',300,13,47);
INSERT INTO `pos`.`product` (`id`,`code`,`short_description`,`description`,`price`,`id_category`,`id_mark`) VALUES (126,'7702111004283','Sobre manila','sobres',500,13,47);
INSERT INTO `pos`.`product` (`id`,`code`,`short_description`,`description`,`price`,`id_category`,`id_mark`) VALUES (127,'7707416279176','Pegante liquido','Pegante',2200,13,18);
INSERT INTO `pos`.`product` (`id`,`code`,`short_description`,`description`,`price`,`id_category`,`id_mark`) VALUES (128,'7701633036529','CIinta Aislante','Cinta',2800,12,42);
INSERT INTO `pos`.`product` (`id`,`code`,`short_description`,`description`,`price`,`id_category`,`id_mark`) VALUES (129,'1226546698844','Cinta Doble faz','Cinta',3200,12,47);
INSERT INTO `pos`.`product` (`id`,`code`,`short_description`,`description`,`price`,`id_category`,`id_mark`) VALUES (130,'7707326070016','Caja Plastilina 13 barras','Caja Plastilina grande',4500,4,38);
INSERT INTO `pos`.`product` (`id`,`code`,`short_description`,`description`,`price`,`id_category`,`id_mark`) VALUES (131,'7707326070023','Caja Plastilina 9 barras','Caja Plastilina mediana',2800,5,47);
INSERT INTO `pos`.`product` (`id`,`code`,`short_description`,`description`,`price`,`id_category`,`id_mark`) VALUES (132,'7707326070030','Caja Plastilina 9 barras','Caja Plastilina pequeña',1500,5,47);
INSERT INTO `pos`.`product` (`id`,`code`,`short_description`,`description`,`price`,`id_category`,`id_mark`) VALUES (133,'7707326071679','Crayones Jumbo 6','Crayones',8500,4,38);
INSERT INTO `pos`.`product` (`id`,`code`,`short_description`,`description`,`price`,`id_category`,`id_mark`) VALUES (134,'7707326071662','Crayones 12','Crayones',4500,4,38);
INSERT INTO `pos`.`product` (`id`,`code`,`short_description`,`description`,`price`,`id_category`,`id_mark`) VALUES (135,'7707326071655','Crayones 6','Crayones',2500,4,47);
INSERT INTO `pos`.`product` (`id`,`code`,`short_description`,`description`,`price`,`id_category`,`id_mark`) VALUES (136,'7703486012101','Caja 4','4',3600,4,47);
INSERT INTO `pos`.`product` (`id`,`code`,`short_description`,`description`,`price`,`id_category`,`id_mark`) VALUES (137,'7707326070887','Barra plastilina','Plastilina',3000,4,47);
INSERT INTO `pos`.`product` (`id`,`code`,`short_description`,`description`,`price`,`id_category`,`id_mark`) VALUES (138,'7705465100038','Caja ganchos mariposa','Ganchos',2800,4,47);
INSERT INTO `pos`.`product` (`id`,`code`,`short_description`,`description`,`price`,`id_category`,`id_mark`) VALUES (139,'7707188186023','Separador','Separador plastico',2200,13,47);
INSERT INTO `pos`.`product` (`id`,`code`,`short_description`,`description`,`price`,`id_category`,`id_mark`) VALUES (140,'7707188186016','Separador carta','Separador plastico',3000,13,47);
INSERT INTO `pos`.`product` (`id`,`code`,`short_description`,`description`,`price`,`id_category`,`id_mark`) VALUES (141,'7709990005417','Forros  Cuaderno','Forro plastico',800,13,47);
INSERT INTO `pos`.`product` (`id`,`code`,`short_description`,`description`,`price`,`id_category`,`id_mark`) VALUES (142,'7709533051581','Sobre plastico','Sobre',1500,13,47);
INSERT INTO `pos`.`product` (`id`,`code`,`short_description`,`description`,`price`,`id_category`,`id_mark`) VALUES (143,'7707188180595','Carpeta de lomo carta','Carpeta',1500,13,47);
INSERT INTO `pos`.`product` (`id`,`code`,`short_description`,`description`,`price`,`id_category`,`id_mark`) VALUES (144,'7707188180663','Carpeta de lomo oficio','Carpeta',2000,13,47);
INSERT INTO `pos`.`product` (`id`,`code`,`short_description`,`description`,`price`,`id_category`,`id_mark`) VALUES (145,'7709990400069','Sobre Plastico','Sobre',3000,13,47);
INSERT INTO `pos`.`product` (`id`,`code`,`short_description`,`description`,`price`,`id_category`,`id_mark`) VALUES (146,'7709990345513','Bolsillos de Acetato','Bolsillo oficio',400,13,47);
INSERT INTO `pos`.`product` (`id`,`code`,`short_description`,`description`,`price`,`id_category`,`id_mark`) VALUES (147,'7709990345506','Bolsillos de Acetato','Bolsillo carta',300,13,47);
INSERT INTO `pos`.`product` (`id`,`code`,`short_description`,`description`,`price`,`id_category`,`id_mark`) VALUES (148,'7709990866452','Bolsillos de Acetato','Bolsillo carta grueso',800,13,47);
INSERT INTO `pos`.`product` (`id`,`code`,`short_description`,`description`,`price`,`id_category`,`id_mark`) VALUES (149,'7707319064756','15','Caja',4000,15,48);
INSERT INTO `pos`.`product` (`id`,`code`,`short_description`,`description`,`price`,`id_category`,`id_mark`) VALUES (150,'7707319064435','15','Caja',2500,15,48);
INSERT INTO `pos`.`product` (`id`,`code`,`short_description`,`description`,`price`,`id_category`,`id_mark`) VALUES (151,'7101319064448','15','Caja',4000,15,48);
INSERT INTO `pos`.`product` (`id`,`code`,`short_description`,`description`,`price`,`id_category`,`id_mark`) VALUES (152,'7707319064466','15','Caja',8000,15,48);
INSERT INTO `pos`.`product` (`id`,`code`,`short_description`,`description`,`price`,`id_category`,`id_mark`) VALUES (153,'7703513011336','16','Lienzo 15 X 20',8500,16,49);
INSERT INTO `pos`.`product` (`id`,`code`,`short_description`,`description`,`price`,`id_category`,`id_mark`) VALUES (154,'7703513011350','16','Lienzo 20 X 25',11500,16,49);
INSERT INTO `pos`.`product` (`id`,`code`,`short_description`,`description`,`price`,`id_category`,`id_mark`) VALUES (155,'7703513011374','16','Lienzo 25 X 25',14000,16,49);
INSERT INTO `pos`.`product` (`id`,`code`,`short_description`,`description`,`price`,`id_category`,`id_mark`) VALUES (156,'7703513011404','16','Lienzo 30 X 30',15500,16,49);
INSERT INTO `pos`.`product` (`id`,`code`,`short_description`,`description`,`price`,`id_category`,`id_mark`) VALUES (157,'7702111591851','Cuaderno Argollado ','Cuaderno ',8000,11,19);
INSERT INTO `pos`.`product` (`id`,`code`,`short_description`,`description`,`price`,`id_category`,`id_mark`) VALUES (158,'7701103086146','Cuaderno Argollado 7M','Cuaderno',32000,11,50);
INSERT INTO `pos`.`product` (`id`,`code`,`short_description`,`description`,`price`,`id_category`,`id_mark`) VALUES (159,'7707188188416','Cuaderno  50 hojas','Cuaderno',3000,11,51);
INSERT INTO `pos`.`product` (`id`,`code`,`short_description`,`description`,`price`,`id_category`,`id_mark`) VALUES (160,'7707320140739-1','CuadernoArgollado 5M','Cuaderno',28000,11,52);
INSERT INTO `pos`.`product` (`id`,`code`,`short_description`,`description`,`price`,`id_category`,`id_mark`) VALUES (161,'7707188182100','Cuaderno Argollado','Cuaderno',6000,11,51);
INSERT INTO `pos`.`product` (`id`,`code`,`short_description`,`description`,`price`,`id_category`,`id_mark`) VALUES (162,'7707317355023','1/8 Cartulina bristol','Cartulina',300,14,14);
*/

INSERT INTO  `pos`.`product` (`id`,`code`,`short_description`,`description`,`cost`,`price`,`stock`,`image`,`id_category`,`id_mark`,`id_state`,`create_time`,`update_time`,`delete_time`) VALUES (1,'8802946504183','Pegante en barra ','Pegante en barra',0,5400,0,'/images/defaultImage.png',6,2,1,'2023-05-30 08:06:40',NULL,NULL);
INSERT INTO  `pos`.`product` (`id`,`code`,`short_description`,`description`,`cost`,`price`,`stock`,`image`,`id_category`,`id_mark`,`id_state`,`create_time`,`update_time`,`delete_time`) VALUES (2,'7707369081628','Pegante en barra ','Pegante en barra',0,2200,0,'/images/defaultImage.png',6,27,1,'2023-05-30 08:06:40',NULL,NULL);
INSERT INTO  `pos`.`product` (`id`,`code`,`short_description`,`description`,`cost`,`price`,`stock`,`image`,`id_category`,`id_mark`,`id_state`,`create_time`,`update_time`,`delete_time`) VALUES (3,'8802946504183-1','Pegante en barra ','Pegante en barra',0,9500,0,'/images/defaultImage.png',6,2,1,'2023-05-30 08:06:40',NULL,NULL);
INSERT INTO  `pos`.`product` (`id`,`code`,`short_description`,`description`,`cost`,`price`,`stock`,`image`,`id_category`,`id_mark`,`id_state`,`create_time`,`update_time`,`delete_time`) VALUES (4,'7707369081635','Pegante en barra ','Pegante en barra',0,3600,0,'/images/defaultImage.png',6,27,1,'2023-05-30 08:06:40',NULL,NULL);
INSERT INTO  `pos`.`product` (`id`,`code`,`short_description`,`description`,`cost`,`price`,`stock`,`image`,`id_category`,`id_mark`,`id_state`,`create_time`,`update_time`,`delete_time`) VALUES (5,'7702003579097','Pegante en barra ','Pegante en barra',0,7200,0,'/images/defaultImage.png',6,28,1,'2023-05-30 08:06:40',NULL,NULL);
INSERT INTO  `pos`.`product` (`id`,`code`,`short_description`,`description`,`cost`,`price`,`stock`,`image`,`id_category`,`id_mark`,`id_state`,`create_time`,`update_time`,`delete_time`) VALUES (6,'8802946504145','Pegante en barra ','Pegante en barra',0,2800,0,'/images/defaultImage.png',6,2,1,'2023-05-30 08:06:40',NULL,NULL);
INSERT INTO  `pos`.`product` (`id`,`code`,`short_description`,`description`,`cost`,`price`,`stock`,`image`,`id_category`,`id_mark`,`id_state`,`create_time`,`update_time`,`delete_time`) VALUES (7,'5321345354630','1/8 Foammy escarchado','Foammy',0,1500,0,'/images/defaultImage.png',12,27,1,'2023-05-30 08:06:40',NULL,NULL);
INSERT INTO  `pos`.`product` (`id`,`code`,`short_description`,`description`,`cost`,`price`,`stock`,`image`,`id_category`,`id_mark`,`id_state`,`create_time`,`update_time`,`delete_time`) VALUES (8,'5321345356559','1/8 Foammy','Foammy',0,800,0,'/images/defaultImage.png',12,27,1,'2023-05-30 08:06:40',NULL,NULL);
INSERT INTO  `pos`.`product` (`id`,`code`,`short_description`,`description`,`cost`,`price`,`stock`,`image`,`id_category`,`id_mark`,`id_state`,`create_time`,`update_time`,`delete_time`) VALUES (9,'7707326070061','Barra plastilina','Plastilina',0,800,0,'/images/defaultImage.png',12,27,1,'2023-05-30 08:06:40',NULL,NULL);
INSERT INTO  `pos`.`product` (`id`,`code`,`short_description`,`description`,`cost`,`price`,`stock`,`image`,`id_category`,`id_mark`,`id_state`,`create_time`,`update_time`,`delete_time`) VALUES (10,'7706798801814','Papel carbon','Papel',0,300,0,'/images/defaultImage.png',7,26,1,'2023-05-30 08:06:40',NULL,NULL);
INSERT INTO  `pos`.`product` (`id`,`code`,`short_description`,`description`,`cost`,`price`,`stock`,`image`,`id_category`,`id_mark`,`id_state`,`create_time`,`update_time`,`delete_time`) VALUES (11,'3310\'3461','Hojas pergamino 90gr','Papel',0,800,0,'/images/defaultImage.png',7,7,1,'2023-05-30 08:06:40',NULL,NULL);
INSERT INTO  `pos`.`product` (`id`,`code`,`short_description`,`description`,`cost`,`price`,`stock`,`image`,`id_category`,`id_mark`,`id_state`,`create_time`,`update_time`,`delete_time`) VALUES (12,'7706563711461','Hojas pergamino 115 gr','Papel',0,1000,0,'/images/defaultImage.png',7,7,1,'2023-05-30 08:06:40',NULL,NULL);
INSERT INTO  `pos`.`product` (`id`,`code`,`short_description`,`description`,`cost`,`price`,`stock`,`image`,`id_category`,`id_mark`,`id_state`,`create_time`,`update_time`,`delete_time`) VALUES (13,'7707289700555','Bolsillos de laminacion','Papel',0,1000,0,'/images/defaultImage.png',7,8,1,'2023-05-30 08:06:40',NULL,NULL);
INSERT INTO  `pos`.`product` (`id`,`code`,`short_description`,`description`,`cost`,`price`,`stock`,`image`,`id_category`,`id_mark`,`id_state`,`create_time`,`update_time`,`delete_time`) VALUES (14,'7453078501277','Acetato carta','Papel',0,800,0,'/images/defaultImage.png',7,9,1,'2023-05-30 08:06:40',NULL,NULL);
INSERT INTO  `pos`.`product` (`id`,`code`,`short_description`,`description`,`cost`,`price`,`stock`,`image`,`id_category`,`id_mark`,`id_state`,`create_time`,`update_time`,`delete_time`) VALUES (15,'7707325120118','Block  edad media','Papel',0,6500,0,'/images/defaultImage.png',7,25,1,'2023-05-30 08:06:40',NULL,NULL);
INSERT INTO  `pos`.`product` (`id`,`code`,`short_description`,`description`,`cost`,`price`,`stock`,`image`,`id_category`,`id_mark`,`id_state`,`create_time`,`update_time`,`delete_time`) VALUES (16,'7707369380080','Block dina 4 blanco','Papel',0,4200,0,'/images/defaultImage.png',7,11,1,'2023-05-30 08:06:40',NULL,NULL);
INSERT INTO  `pos`.`product` (`id`,`code`,`short_description`,`description`,`cost`,`price`,`stock`,`image`,`id_category`,`id_mark`,`id_state`,`create_time`,`update_time`,`delete_time`) VALUES (17,'7707369380059','Block dina 4 horizontal','Papel',0,4200,0,'/images/defaultImage.png',7,11,1,'2023-05-30 08:06:40',NULL,NULL);
INSERT INTO  `pos`.`product` (`id`,`code`,`short_description`,`description`,`cost`,`price`,`stock`,`image`,`id_category`,`id_mark`,`id_state`,`create_time`,`update_time`,`delete_time`) VALUES (18,'7702124012978','Hojas de vida','Papel',0,800,0,'/images/defaultImage.png',7,12,1,'2023-05-30 08:06:40',NULL,NULL);
INSERT INTO  `pos`.`product` (`id`,`code`,`short_description`,`description`,`cost`,`price`,`stock`,`image`,`id_category`,`id_mark`,`id_state`,`create_time`,`update_time`,`delete_time`) VALUES (19,'7709682490330','Block milimetrado','Papel',0,4200,0,'/images/defaultImage.png',7,14,1,'2023-05-30 08:06:40',NULL,NULL);
INSERT INTO  `pos`.`product` (`id`,`code`,`short_description`,`description`,`cost`,`price`,`stock`,`image`,`id_category`,`id_mark`,`id_state`,`create_time`,`update_time`,`delete_time`) VALUES (20,'7704761015718','Papel fotografico','Papel',0,1000,0,'/images/defaultImage.png',7,13,1,'2023-05-30 08:06:40',NULL,NULL);
INSERT INTO  `pos`.`product` (`id`,`code`,`short_description`,`description`,`cost`,`price`,`stock`,`image`,`id_category`,`id_mark`,`id_state`,`create_time`,`update_time`,`delete_time`) VALUES (21,'7707369380400','Block din A3','Papel',0,6000,0,'/images/defaultImage.png',7,16,1,'2023-05-30 08:06:40',NULL,NULL);
INSERT INTO  `pos`.`product` (`id`,`code`,`short_description`,`description`,`cost`,`price`,`stock`,`image`,`id_category`,`id_mark`,`id_state`,`create_time`,`update_time`,`delete_time`) VALUES (22,'7707206393198','Block bond horizontal','Papel',0,6000,0,'/images/defaultImage.png',7,15,1,'2023-05-30 08:06:40',NULL,NULL);
INSERT INTO  `pos`.`product` (`id`,`code`,`short_description`,`description`,`cost`,`price`,`stock`,`image`,`id_category`,`id_mark`,`id_state`,`create_time`,`update_time`,`delete_time`) VALUES (23,'7709459024911','Hojas examen','Papel',0,300,0,'/images/defaultImage.png',7,14,1,'2023-05-30 08:06:40',NULL,NULL);
INSERT INTO  `pos`.`product` (`id`,`code`,`short_description`,`description`,`cost`,`price`,`stock`,`image`,`id_category`,`id_mark`,`id_state`,`create_time`,`update_time`,`delete_time`) VALUES (24,'7702124011162','Contrato de arrendamiento','Papel',0,2800,0,'/images/defaultImage.png',7,12,1,'2023-05-30 08:06:40',NULL,NULL);
INSERT INTO  `pos`.`product` (`id`,`code`,`short_description`,`description`,`cost`,`price`,`stock`,`image`,`id_category`,`id_mark`,`id_state`,`create_time`,`update_time`,`delete_time`) VALUES (25,'7702124808786','Pagares','Papel',0,2800,0,'/images/defaultImage.png',7,12,1,'2023-05-30 08:06:40',NULL,NULL);
INSERT INTO  `pos`.`product` (`id`,`code`,`short_description`,`description`,`cost`,`price`,`stock`,`image`,`id_category`,`id_mark`,`id_state`,`create_time`,`update_time`,`delete_time`) VALUES (26,'7702124012978-1','Contrato de comp. Vehiculo','Papel',0,2800,0,'/images/defaultImage.png',7,12,1,'2023-05-30 08:06:40',NULL,NULL);
INSERT INTO  `pos`.`product` (`id`,`code`,`short_description`,`description`,`cost`,`price`,`stock`,`image`,`id_category`,`id_mark`,`id_state`,`create_time`,`update_time`,`delete_time`) VALUES (27,'7702124012978-2','Contrato de arrendamiento ','Papel',0,2800,0,'/images/defaultImage.png',7,12,1,'2023-05-30 08:06:40',NULL,NULL);
INSERT INTO  `pos`.`product` (`id`,`code`,`short_description`,`description`,`cost`,`price`,`stock`,`image`,`id_category`,`id_mark`,`id_state`,`create_time`,`update_time`,`delete_time`) VALUES (28,'1119\'1399','Carpeta presentacion','Papel',0,700,0,'/images/defaultImage.png',7,17,1,'2023-05-30 08:06:40',NULL,NULL);
INSERT INTO  `pos`.`product` (`id`,`code`,`short_description`,`description`,`cost`,`price`,`stock`,`image`,`id_category`,`id_mark`,`id_state`,`create_time`,`update_time`,`delete_time`) VALUES (29,'7707321281059','Vinilos','8',0,1500,0,'/images/defaultImage.png',8,27,1,'2023-05-30 08:06:40',NULL,NULL);
INSERT INTO  `pos`.`product` (`id`,`code`,`short_description`,`description`,`cost`,`price`,`stock`,`image`,`id_category`,`id_mark`,`id_state`,`create_time`,`update_time`,`delete_time`) VALUES (30,'7707275929892','Bolsa regalo','Bolsa',0,4500,0,'/images/defaultImage.png',9,18,1,'2023-05-30 08:06:40',NULL,NULL);
INSERT INTO  `pos`.`product` (`id`,`code`,`short_description`,`description`,`cost`,`price`,`stock`,`image`,`id_category`,`id_mark`,`id_state`,`create_time`,`update_time`,`delete_time`) VALUES (31,'7707898693156','Bolsa regalo','Bolsa',0,5200,0,'/images/defaultImage.png',9,18,1,'2023-05-30 08:06:40',NULL,NULL);
INSERT INTO  `pos`.`product` (`id`,`code`,`short_description`,`description`,`cost`,`price`,`stock`,`image`,`id_category`,`id_mark`,`id_state`,`create_time`,`update_time`,`delete_time`) VALUES (32,'7707463690788','Bolsa regalo','Bolsa',0,3500,0,'/images/defaultImage.png',9,18,1,'2023-05-30 08:06:40',NULL,NULL);
INSERT INTO  `pos`.`product` (`id`,`code`,`short_description`,`description`,`cost`,`price`,`stock`,`image`,`id_category`,`id_mark`,`id_state`,`create_time`,`update_time`,`delete_time`) VALUES (33,'7707463691716','Bolsa regalo','Bolsa',0,5200,0,'/images/defaultImage.png',9,18,1,'2023-05-30 08:06:40',NULL,NULL);
INSERT INTO  `pos`.`product` (`id`,`code`,`short_description`,`description`,`cost`,`price`,`stock`,`image`,`id_category`,`id_mark`,`id_state`,`create_time`,`update_time`,`delete_time`) VALUES (34,'7707463691754','Bolsa regalo','Bolsa',0,5200,0,'/images/defaultImage.png',9,18,1,'2023-05-30 08:06:40',NULL,NULL);
INSERT INTO  `pos`.`product` (`id`,`code`,`short_description`,`description`,`cost`,`price`,`stock`,`image`,`id_category`,`id_mark`,`id_state`,`create_time`,`update_time`,`delete_time`) VALUES (35,'6951251558625','Bolsa regalo','Bolsa',0,3200,0,'/images/defaultImage.png',9,18,1,'2023-05-30 08:06:40',NULL,NULL);
INSERT INTO  `pos`.`product` (`id`,`code`,`short_description`,`description`,`cost`,`price`,`stock`,`image`,`id_category`,`id_mark`,`id_state`,`create_time`,`update_time`,`delete_time`) VALUES (36,'7707275926471','Bolsa regalo','Bolsa',0,2500,0,'/images/defaultImage.png',9,18,1,'2023-05-30 08:06:40',NULL,NULL);
INSERT INTO  `pos`.`product` (`id`,`code`,`short_description`,`description`,`cost`,`price`,`stock`,`image`,`id_category`,`id_mark`,`id_state`,`create_time`,`update_time`,`delete_time`) VALUES (37,'7707275926464','Bolsa regalo','Bolsa',0,2500,0,'/images/defaultImage.png',9,18,1,'2023-05-30 08:06:40',NULL,NULL);
INSERT INTO  `pos`.`product` (`id`,`code`,`short_description`,`description`,`cost`,`price`,`stock`,`image`,`id_category`,`id_mark`,`id_state`,`create_time`,`update_time`,`delete_time`) VALUES (38,'6930254789328','Velas FC','Velas',0,4000,0,'/images/defaultImage.png',10,19,1,'2023-05-30 08:06:40',NULL,NULL);
INSERT INTO  `pos`.`product` (`id`,`code`,`short_description`,`description`,`cost`,`price`,`stock`,`image`,`id_category`,`id_mark`,`id_state`,`create_time`,`update_time`,`delete_time`) VALUES (39,'7702202034809','Confetis FC','Confetis',0,3000,0,'/images/defaultImage.png',10,29,1,'2023-05-30 08:06:40',NULL,NULL);
INSERT INTO  `pos`.`product` (`id`,`code`,`short_description`,`description`,`cost`,`price`,`stock`,`image`,`id_category`,`id_mark`,`id_state`,`create_time`,`update_time`,`delete_time`) VALUES (40,'7705465016582','Chinches','Chinches',0,5200,0,'/images/defaultImage.png',11,20,1,'2023-05-30 08:06:40',NULL,NULL);
INSERT INTO  `pos`.`product` (`id`,`code`,`short_description`,`description`,`cost`,`price`,`stock`,`image`,`id_category`,`id_mark`,`id_state`,`create_time`,`update_time`,`delete_time`) VALUES (41,'48937740','Hoja cuchilla','Cuchilla',0,2600,0,'/images/defaultImage.png',11,21,1,'2023-05-30 08:06:40',NULL,NULL);
INSERT INTO  `pos`.`product` (`id`,`code`,`short_description`,`description`,`cost`,`price`,`stock`,`image`,`id_category`,`id_mark`,`id_state`,`create_time`,`update_time`,`delete_time`) VALUES (42,'7709990457643','Tijeras 11','Tijeras',0,6000,0,'/images/defaultImage.png',11,27,1,'2023-05-30 08:06:40',NULL,NULL);
INSERT INTO  `pos`.`product` (`id`,`code`,`short_description`,`description`,`cost`,`price`,`stock`,`image`,`id_category`,`id_mark`,`id_state`,`create_time`,`update_time`,`delete_time`) VALUES (43,'7707489078492','Pistola silicona','Pistola silicona',0,15000,0,'/images/defaultImage.png',11,24,1,'2023-05-30 08:06:40',NULL,NULL);
INSERT INTO  `pos`.`product` (`id`,`code`,`short_description`,`description`,`cost`,`price`,`stock`,`image`,`id_category`,`id_mark`,`id_state`,`create_time`,`update_time`,`delete_time`) VALUES (44,'7705465060639','Gancho legajador','Gancho',0,400,0,'/images/defaultImage.png',11,20,1,'2023-05-30 08:06:40',NULL,NULL);
INSERT INTO  `pos`.`product` (`id`,`code`,`short_description`,`description`,`cost`,`price`,`stock`,`image`,`id_category`,`id_mark`,`id_state`,`create_time`,`update_time`,`delete_time`) VALUES (45,'7707275922862','Lluvia sobres','Sobre',0,2000,0,'/images/defaultImage.png',10,18,1,'2023-05-30 08:06:40',NULL,NULL);
INSERT INTO  `pos`.`product` (`id`,`code`,`short_description`,`description`,`cost`,`price`,`stock`,`image`,`id_category`,`id_mark`,`id_state`,`create_time`,`update_time`,`delete_time`) VALUES (46,'7702111515376','Cuaderno cuadriculado 100 hojas','Cuaderno cuadriculado ',0,3800,0,'/images/defaultImage.png',11,19,1,'2023-05-30 08:06:40',NULL,NULL);
INSERT INTO  `pos`.`product` (`id`,`code`,`short_description`,`description`,`cost`,`price`,`stock`,`image`,`id_category`,`id_mark`,`id_state`,`create_time`,`update_time`,`delete_time`) VALUES (47,'7707668554403','Cuaderno ferrocarril 100 hojas','Cuaderno ferrocarril ',0,3800,0,'/images/defaultImage.png',11,23,1,'2023-05-30 08:06:40',NULL,NULL);
INSERT INTO  `pos`.`product` (`id`,`code`,`short_description`,`description`,`cost`,`price`,`stock`,`image`,`id_category`,`id_mark`,`id_state`,`create_time`,`update_time`,`delete_time`) VALUES (48,'7702148800063','Cuaderno ferrocarril 50  hojas','Cuaderno ferrocarril ',0,3000,0,'/images/defaultImage.png',11,19,1,'2023-05-30 08:06:40',NULL,NULL);
INSERT INTO  `pos`.`product` (`id`,`code`,`short_description`,`description`,`cost`,`price`,`stock`,`image`,`id_category`,`id_mark`,`id_state`,`create_time`,`update_time`,`delete_time`) VALUES (49,'7709932208906','Lana escolar','Lana',0,800,0,'/images/defaultImage.png',12,22,1,'2023-05-30 08:06:40',NULL,NULL);
INSERT INTO  `pos`.`product` (`id`,`code`,`short_description`,`description`,`cost`,`price`,`stock`,`image`,`id_category`,`id_mark`,`id_state`,`create_time`,`update_time`,`delete_time`) VALUES (50,'7702094530069','Pilas  AA','Pilas',0,3000,0,'/images/defaultImage.png',13,30,1,'2023-05-30 08:06:40',NULL,NULL);
INSERT INTO  `pos`.`product` (`id`,`code`,`short_description`,`description`,`cost`,`price`,`stock`,`image`,`id_category`,`id_mark`,`id_state`,`create_time`,`update_time`,`delete_time`) VALUES (51,'7702087505425','Pilas AAA','Pilas',0,3000,0,'/images/defaultImage.png',13,36,1,'2023-05-30 08:06:40',NULL,NULL);
INSERT INTO  `pos`.`product` (`id`,`code`,`short_description`,`description`,`cost`,`price`,`stock`,`image`,`id_category`,`id_mark`,`id_state`,`create_time`,`update_time`,`delete_time`) VALUES (52,'7707249650395','Pilas AAA','Pilas',0,3000,0,'/images/defaultImage.png',13,37,1,'2023-05-30 08:06:40',NULL,NULL);
INSERT INTO  `pos`.`product` (`id`,`code`,`short_description`,`description`,`cost`,`price`,`stock`,`image`,`id_category`,`id_mark`,`id_state`,`create_time`,`update_time`,`delete_time`) VALUES (53,'7501015203248','Limpiatipos','Plastilina',0,9600,0,'/images/defaultImage.png',5,41,1,'2023-05-30 08:06:40',NULL,NULL);
INSERT INTO  `pos`.`product` (`id`,`code`,`short_description`,`description`,`cost`,`price`,`stock`,`image`,`id_category`,`id_mark`,`id_state`,`create_time`,`update_time`,`delete_time`) VALUES (54,'6845241850038','Banner FC','Baner FC',0,6000,0,'/images/defaultImage.png',10,13,1,'2023-05-30 08:06:40',NULL,NULL);
INSERT INTO  `pos`.`product` (`id`,`code`,`short_description`,`description`,`cost`,`price`,`stock`,`image`,`id_category`,`id_mark`,`id_state`,`create_time`,`update_time`,`delete_time`) VALUES (55,'6985570578071','Vlelas Numeros FC','Velas',0,2000,0,'/images/defaultImage.png',10,2,1,'2023-05-30 08:06:40',NULL,NULL);
INSERT INTO  `pos`.`product` (`id`,`code`,`short_description`,`description`,`cost`,`price`,`stock`,`image`,`id_category`,`id_mark`,`id_state`,`create_time`,`update_time`,`delete_time`) VALUES (56,'8648367525464','Serpentinas','serpentina',0,3200,0,'/images/defaultImage.png',10,43,1,'2023-05-30 08:06:40',NULL,NULL);
INSERT INTO  `pos`.`product` (`id`,`code`,`short_description`,`description`,`cost`,`price`,`stock`,`image`,`id_category`,`id_mark`,`id_state`,`create_time`,`update_time`,`delete_time`) VALUES (57,'5650475040138','Numeros metalizados','Numeros',0,2000,0,'/images/defaultImage.png',10,13,1,'2023-05-30 08:06:40',NULL,NULL);
INSERT INTO  `pos`.`product` (`id`,`code`,`short_description`,`description`,`cost`,`price`,`stock`,`image`,`id_category`,`id_mark`,`id_state`,`create_time`,`update_time`,`delete_time`) VALUES (58,'7707326071686','Crayones Jumbo','Crayones',0,12000,0,'/images/defaultImage.png',3,38,1,'2023-05-30 08:06:40',NULL,NULL);
INSERT INTO  `pos`.`product` (`id`,`code`,`short_description`,`description`,`cost`,`price`,`stock`,`image`,`id_category`,`id_mark`,`id_state`,`create_time`,`update_time`,`delete_time`) VALUES (59,'4895225300570','Tapa bocas blanco','tapa bocas',0,800,0,'/images/defaultImage.png',13,39,1,'2023-05-30 08:06:40',NULL,NULL);
INSERT INTO  `pos`.`product` (`id`,`code`,`short_description`,`description`,`cost`,`price`,`stock`,`image`,`id_category`,`id_mark`,`id_state`,`create_time`,`update_time`,`delete_time`) VALUES (60,'7702120010671','Pañuelos faciales','Pañuelos',0,2000,0,'/images/defaultImage.png',13,47,1,'2023-05-30 08:06:40',NULL,NULL);
INSERT INTO  `pos`.`product` (`id`,`code`,`short_description`,`description`,`cost`,`price`,`stock`,`image`,`id_category`,`id_mark`,`id_state`,`create_time`,`update_time`,`delete_time`) VALUES (61,'7703252035457','Curas impermeables','Curas',0,200,0,'/images/defaultImage.png',13,47,1,'2023-05-30 08:06:40',NULL,NULL);
INSERT INTO  `pos`.`product` (`id`,`code`,`short_description`,`description`,`cost`,`price`,`stock`,`image`,`id_category`,`id_mark`,`id_state`,`create_time`,`update_time`,`delete_time`) VALUES (62,'7709990353969','Corrector de cinta','Corrector',0,3400,0,'/images/defaultImage.png',13,47,1,'2023-05-30 08:06:40',NULL,NULL);
INSERT INTO  `pos`.`product` (`id`,`code`,`short_description`,`description`,`cost`,`price`,`stock`,`image`,`id_category`,`id_mark`,`id_state`,`create_time`,`update_time`,`delete_time`) VALUES (63,'7703252035396','Copitos de algodon','Copitos',0,1500,0,'/images/defaultImage.png',7,32,1,'2023-05-30 08:06:40',NULL,NULL);
INSERT INTO  `pos`.`product` (`id`,`code`,`short_description`,`description`,`cost`,`price`,`stock`,`image`,`id_category`,`id_mark`,`id_state`,`create_time`,`update_time`,`delete_time`) VALUES (64,'7703252035532','paños antibacteriales','Paños humedos',0,3200,0,'/images/defaultImage.png',7,32,1,'2023-05-30 08:06:40',NULL,NULL);
INSERT INTO  `pos`.`product` (`id`,`code`,`short_description`,`description`,`cost`,`price`,`stock`,`image`,`id_category`,`id_mark`,`id_state`,`create_time`,`update_time`,`delete_time`) VALUES (65,'7703064345300','Tinta china ','Tinta',0,4500,0,'/images/defaultImage.png',8,41,1,'2023-05-30 08:06:40',NULL,NULL);
INSERT INTO  `pos`.`product` (`id`,`code`,`short_description`,`description`,`cost`,`price`,`stock`,`image`,`id_category`,`id_mark`,`id_state`,`create_time`,`update_time`,`delete_time`) VALUES (66,'7703513110091','Ecoline para 12','Tinta colorante negra',0,3000,0,'/images/defaultImage.png',8,47,1,'2023-05-30 08:06:40',NULL,NULL);
INSERT INTO  `pos`.`product` (`id`,`code`,`short_description`,`description`,`cost`,`price`,`stock`,`image`,`id_category`,`id_mark`,`id_state`,`create_time`,`update_time`,`delete_time`) VALUES (67,'7703513110084','Ecoline para 12','Tinta colorante cafe',0,3000,0,'/images/defaultImage.png',8,47,1,'2023-05-30 08:06:40',NULL,NULL);
INSERT INTO  `pos`.`product` (`id`,`code`,`short_description`,`description`,`cost`,`price`,`stock`,`image`,`id_category`,`id_mark`,`id_state`,`create_time`,`update_time`,`delete_time`) VALUES (68,'7703513110107','Ecoline para 12','Tinta colorante blanco',0,3000,0,'/images/defaultImage.png',8,47,1,'2023-05-30 08:06:40',NULL,NULL);
INSERT INTO  `pos`.`product` (`id`,`code`,`short_description`,`description`,`cost`,`price`,`stock`,`image`,`id_category`,`id_mark`,`id_state`,`create_time`,`update_time`,`delete_time`) VALUES (69,'6438284106868','Espejo','Espejo',0,3500,0,'/images/defaultImage.png',13,34,1,'2023-05-30 08:06:40',NULL,NULL);
INSERT INTO  `pos`.`product` (`id`,`code`,`short_description`,`description`,`cost`,`price`,`stock`,`image`,`id_category`,`id_mark`,`id_state`,`create_time`,`update_time`,`delete_time`) VALUES (70,'7708466451987','Taja lapiz de deposito','Taja lapiz',0,2500,0,'/images/defaultImage.png',7,47,1,'2023-05-30 08:06:40',NULL,NULL);
INSERT INTO  `pos`.`product` (`id`,`code`,`short_description`,`description`,`cost`,`price`,`stock`,`image`,`id_category`,`id_mark`,`id_state`,`create_time`,`update_time`,`delete_time`) VALUES (71,'7702215130314','Removedor','Removedor de esmalte',0,7000,0,'/images/defaultImage.png',7,35,1,'2023-05-30 08:06:40',NULL,NULL);
INSERT INTO  `pos`.`product` (`id`,`code`,`short_description`,`description`,`cost`,`price`,`stock`,`image`,`id_category`,`id_mark`,`id_state`,`create_time`,`update_time`,`delete_time`) VALUES (72,'7709824802977','Porta minas 2.0','portaminas',0,3000,0,'/images/defaultImage.png',13,27,1,'2023-05-30 08:06:40',NULL,NULL);
INSERT INTO  `pos`.`product` (`id`,`code`,`short_description`,`description`,`cost`,`price`,`stock`,`image`,`id_category`,`id_mark`,`id_state`,`create_time`,`update_time`,`delete_time`) VALUES (73,'7709824802977-1','Porta minas 0.5','portaminas',0,2000,0,'/images/defaultImage.png',3,27,1,'2023-05-30 08:06:40',NULL,NULL);
INSERT INTO  `pos`.`product` (`id`,`code`,`short_description`,`description`,`cost`,`price`,`stock`,`image`,`id_category`,`id_mark`,`id_state`,`create_time`,`update_time`,`delete_time`) VALUES (74,'7709824802977-2','Porta minas 0.7','portaminas',0,2000,0,'/images/defaultImage.png',3,27,1,'2023-05-30 08:06:40',NULL,NULL);
INSERT INTO  `pos`.`product` (`id`,`code`,`short_description`,`description`,`cost`,`price`,`stock`,`image`,`id_category`,`id_mark`,`id_state`,`create_time`,`update_time`,`delete_time`) VALUES (75,'7703336701186','Minas ','Repuestos de portaminas 0.5',0,2000,0,'/images/defaultImage.png',3,2,1,'2023-05-30 08:06:40',NULL,NULL);
INSERT INTO  `pos`.`product` (`id`,`code`,`short_description`,`description`,`cost`,`price`,`stock`,`image`,`id_category`,`id_mark`,`id_state`,`create_time`,`update_time`,`delete_time`) VALUES (76,'6941287410257','Minas ','Repuestos de portaminas 2.0',0,2000,0,'/images/defaultImage.png',3,2,1,'2023-05-30 08:06:40',NULL,NULL);
INSERT INTO  `pos`.`product` (`id`,`code`,`short_description`,`description`,`cost`,`price`,`stock`,`image`,`id_category`,`id_mark`,`id_state`,`create_time`,`update_time`,`delete_time`) VALUES (77,'72067602008','Lapiz  carboncillo','Carboncillo',0,3000,0,'/images/defaultImage.png',3,47,1,'2023-05-30 08:06:40',NULL,NULL);
INSERT INTO  `pos`.`product` (`id`,`code`,`short_description`,`description`,`cost`,`price`,`stock`,`image`,`id_category`,`id_mark`,`id_state`,`create_time`,`update_time`,`delete_time`) VALUES (78,'7703336707188','Minas ','Repuestos de portaminas 0.7',0,2000,0,'/images/defaultImage.png',3,2,1,'2023-05-30 08:06:40',NULL,NULL);
INSERT INTO  `pos`.`product` (`id`,`code`,`short_description`,`description`,`cost`,`price`,`stock`,`image`,`id_category`,`id_mark`,`id_state`,`create_time`,`update_time`,`delete_time`) VALUES (79,'9023800990150','Minas ','Repuestos de portaminas 0.8',0,2000,0,'/images/defaultImage.png',3,4,1,'2023-05-30 08:06:40',NULL,NULL);
INSERT INTO  `pos`.`product` (`id`,`code`,`short_description`,`description`,`cost`,`price`,`stock`,`image`,`id_category`,`id_mark`,`id_state`,`create_time`,`update_time`,`delete_time`) VALUES (80,'7709733652083','Lapiz jumbo negro','Lapiz',0,2000,0,'/images/defaultImage.png',3,27,1,'2023-05-30 08:06:40',NULL,NULL);
INSERT INTO  `pos`.`product` (`id`,`code`,`short_description`,`description`,`cost`,`price`,`stock`,`image`,`id_category`,`id_mark`,`id_state`,`create_time`,`update_time`,`delete_time`) VALUES (81,'7709492484550','Lapiz jumbo rojo','Lapiz',0,2000,0,'/images/defaultImage.png',3,27,1,'2023-05-30 08:06:40',NULL,NULL);
INSERT INTO  `pos`.`product` (`id`,`code`,`short_description`,`description`,`cost`,`price`,`stock`,`image`,`id_category`,`id_mark`,`id_state`,`create_time`,`update_time`,`delete_time`) VALUES (82,'7703064002364','Micropuntas','Lapiz',0,1600,0,'/images/defaultImage.png',3,2,1,'2023-05-30 08:06:40',NULL,NULL);
INSERT INTO  `pos`.`product` (`id`,`code`,`short_description`,`description`,`cost`,`price`,`stock`,`image`,`id_category`,`id_mark`,`id_state`,`create_time`,`update_time`,`delete_time`) VALUES (83,'7709948859963','Micropuntas','Lapiz',0,1600,0,'/images/defaultImage.png',3,27,1,'2023-05-30 08:06:40',NULL,NULL);
INSERT INTO  `pos`.`product` (`id`,`code`,`short_description`,`description`,`cost`,`price`,`stock`,`image`,`id_category`,`id_mark`,`id_state`,`create_time`,`update_time`,`delete_time`) VALUES (84,'7709759032821','Esfero','Esfero',0,1400,0,'/images/defaultImage.png',2,27,1,'2023-05-30 08:06:40',NULL,NULL);
INSERT INTO  `pos`.`product` (`id`,`code`,`short_description`,`description`,`cost`,`price`,`stock`,`image`,`id_category`,`id_mark`,`id_state`,`create_time`,`update_time`,`delete_time`) VALUES (85,'7708991573130','Esfero','Esfero',0,1200,0,'/images/defaultImage.png',2,27,1,'2023-05-30 08:06:40',NULL,NULL);
INSERT INTO  `pos`.`product` (`id`,`code`,`short_description`,`description`,`cost`,`price`,`stock`,`image`,`id_category`,`id_mark`,`id_state`,`create_time`,`update_time`,`delete_time`) VALUES (86,'7709023412052','Esfero','Esfero',0,1200,0,'/images/defaultImage.png',2,27,1,'2023-05-30 08:06:40',NULL,NULL);
INSERT INTO  `pos`.`product` (`id`,`code`,`short_description`,`description`,`cost`,`price`,`stock`,`image`,`id_category`,`id_mark`,`id_state`,`create_time`,`update_time`,`delete_time`) VALUES (87,'7703252002381','Palos de paleta','Palos',0,1200,0,'/images/defaultImage.png',13,47,1,'2023-05-30 08:06:40',NULL,NULL);
INSERT INTO  `pos`.`product` (`id`,`code`,`short_description`,`description`,`cost`,`price`,`stock`,`image`,`id_category`,`id_mark`,`id_state`,`create_time`,`update_time`,`delete_time`) VALUES (88,'71641132832','Sharpie','Marcador Sharpie',0,4500,0,'/images/defaultImage.png',2,6,1,'2023-05-30 08:06:40',NULL,NULL);
INSERT INTO  `pos`.`product` (`id`,`code`,`short_description`,`description`,`cost`,`price`,`stock`,`image`,`id_category`,`id_mark`,`id_state`,`create_time`,`update_time`,`delete_time`) VALUES (89,'7703486035698','Esfero','Esfero',0,1400,0,'/images/defaultImage.png',2,40,1,'2023-05-30 08:06:40',NULL,NULL);
INSERT INTO  `pos`.`product` (`id`,`code`,`short_description`,`description`,`cost`,`price`,`stock`,`image`,`id_category`,`id_mark`,`id_state`,`create_time`,`update_time`,`delete_time`) VALUES (90,'7707326071693','Borrador','Borrador',0,800,0,'/images/defaultImage.png',13,47,1,'2023-05-30 08:06:40',NULL,NULL);
INSERT INTO  `pos`.`product` (`id`,`code`,`short_description`,`description`,`cost`,`price`,`stock`,`image`,`id_category`,`id_mark`,`id_state`,`create_time`,`update_time`,`delete_time`) VALUES (91,'7703064447745','Borrador','Borrador',0,800,0,'/images/defaultImage.png',7,41,1,'2023-05-30 08:06:40',NULL,NULL);
INSERT INTO  `pos`.`product` (`id`,`code`,`short_description`,`description`,`cost`,`price`,`stock`,`image`,`id_category`,`id_mark`,`id_state`,`create_time`,`update_time`,`delete_time`) VALUES (92,'7703064446502','Borrador','Borrador',0,1000,0,'/images/defaultImage.png',7,41,1,'2023-05-30 08:06:40',NULL,NULL);
INSERT INTO  `pos`.`product` (`id`,`code`,`short_description`,`description`,`cost`,`price`,`stock`,`image`,`id_category`,`id_mark`,`id_state`,`create_time`,`update_time`,`delete_time`) VALUES (93,'7703336440160','Borrador','Borrador',0,1400,0,'/images/defaultImage.png',7,2,1,'2023-05-30 08:06:40',NULL,NULL);
INSERT INTO  `pos`.`product` (`id`,`code`,`short_description`,`description`,`cost`,`price`,`stock`,`image`,`id_category`,`id_mark`,`id_state`,`create_time`,`update_time`,`delete_time`) VALUES (94,'7709990007763','Tijeras punta roma','Tijeras',0,3000,0,'/images/defaultImage.png',7,27,1,'2023-05-30 08:06:40',NULL,NULL);
INSERT INTO  `pos`.`product` (`id`,`code`,`short_description`,`description`,`cost`,`price`,`stock`,`image`,`id_category`,`id_mark`,`id_state`,`create_time`,`update_time`,`delete_time`) VALUES (95,'4523\'3','Transportador 360','Transportador',0,3000,0,'/images/defaultImage.png',7,4,1,'2023-05-30 08:06:40',NULL,NULL);
INSERT INTO  `pos`.`product` (`id`,`code`,`short_description`,`description`,`cost`,`price`,`stock`,`image`,`id_category`,`id_mark`,`id_state`,`create_time`,`update_time`,`delete_time`) VALUES (96,'4523\'3-1','Transportador 180','Transportador',0,2000,0,'/images/defaultImage.png',7,4,1,'2023-05-30 08:06:40',NULL,NULL);
INSERT INTO  `pos`.`product` (`id`,`code`,`short_description`,`description`,`cost`,`price`,`stock`,`image`,`id_category`,`id_mark`,`id_state`,`create_time`,`update_time`,`delete_time`) VALUES (97,'9023800990501','Minas  0.5','Repuesto de portaminas 0.5',0,2000,0,'/images/defaultImage.png',13,4,1,'2023-05-30 08:06:40',NULL,NULL);
INSERT INTO  `pos`.`product` (`id`,`code`,`short_description`,`description`,`cost`,`price`,`stock`,`image`,`id_category`,`id_mark`,`id_state`,`create_time`,`update_time`,`delete_time`) VALUES (98,'9023800990709','Minas 0.7','Repuesto de portaminas 0.7',0,2000,0,'/images/defaultImage.png',13,4,1,'2023-05-30 08:06:40',NULL,NULL);
INSERT INTO  `pos`.`product` (`id`,`code`,`short_description`,`description`,`cost`,`price`,`stock`,`image`,`id_category`,`id_mark`,`id_state`,`create_time`,`update_time`,`delete_time`) VALUES (99,'7707321280397','Vinilos perlados','Vinilo dordo',0,2000,0,'/images/defaultImage.png',13,47,1,'2023-05-30 08:06:40',NULL,NULL);
INSERT INTO  `pos`.`product` (`id`,`code`,`short_description`,`description`,`cost`,`price`,`stock`,`image`,`id_category`,`id_mark`,`id_state`,`create_time`,`update_time`,`delete_time`) VALUES (100,'7707321280359','Vinilos perlados','Vinilo plateado',0,2000,0,'/images/defaultImage.png',13,47,1,'2023-05-30 08:06:40',NULL,NULL);
INSERT INTO  `pos`.`product` (`id`,`code`,`short_description`,`description`,`cost`,`price`,`stock`,`image`,`id_category`,`id_mark`,`id_state`,`create_time`,`update_time`,`delete_time`) VALUES (101,'7707321280373','Vinilos perlados','Vinilo ocre',0,2000,0,'/images/defaultImage.png',13,47,1,'2023-05-30 08:06:40',NULL,NULL);
INSERT INTO  `pos`.`product` (`id`,`code`,`short_description`,`description`,`cost`,`price`,`stock`,`image`,`id_category`,`id_mark`,`id_state`,`create_time`,`update_time`,`delete_time`) VALUES (102,'7707321283206','Caja temperas','Temperas',0,3800,0,'/images/defaultImage.png',13,47,1,'2023-05-30 08:06:40',NULL,NULL);
INSERT INTO  `pos`.`product` (`id`,`code`,`short_description`,`description`,`cost`,`price`,`stock`,`image`,`id_category`,`id_mark`,`id_state`,`create_time`,`update_time`,`delete_time`) VALUES (103,'7702560000362','Algodon','Pqte algodon',0,3000,0,'/images/defaultImage.png',13,47,1,'2023-05-30 08:06:40',NULL,NULL);
INSERT INTO  `pos`.`product` (`id`,`code`,`short_description`,`description`,`cost`,`price`,`stock`,`image`,`id_category`,`id_mark`,`id_state`,`create_time`,`update_time`,`delete_time`) VALUES (104,'7707314794153','Silicona liquida','Silicona',0,3500,0,'/images/defaultImage.png',6,47,1,'2023-05-30 08:06:40',NULL,NULL);
INSERT INTO  `pos`.`product` (`id`,`code`,`short_description`,`description`,`cost`,`price`,`stock`,`image`,`id_category`,`id_mark`,`id_state`,`create_time`,`update_time`,`delete_time`) VALUES (105,'7707289700654','Bolsillos de laminacion','Laminacion',0,500,0,'/images/defaultImage.png',13,47,1,'2023-05-30 08:06:40',NULL,NULL);
INSERT INTO  `pos`.`product` (`id`,`code`,`short_description`,`description`,`cost`,`price`,`stock`,`image`,`id_category`,`id_mark`,`id_state`,`create_time`,`update_time`,`delete_time`) VALUES (106,'27242852273','CD','Disco CD',0,1500,0,'/images/defaultImage.png',13,47,1,'2023-05-30 08:06:40',NULL,NULL);
INSERT INTO  `pos`.`product` (`id`,`code`,`short_description`,`description`,`cost`,`price`,`stock`,`image`,`id_category`,`id_mark`,`id_state`,`create_time`,`update_time`,`delete_time`) VALUES (107,'7707202196540','Cinta enmascarar','Cinta 48mX20mts 2\"',0,5500,0,'/images/defaultImage.png',13,47,1,'2023-05-30 08:06:40',NULL,NULL);
INSERT INTO  `pos`.`product` (`id`,`code`,`short_description`,`description`,`cost`,`price`,`stock`,`image`,`id_category`,`id_mark`,`id_state`,`create_time`,`update_time`,`delete_time`) VALUES (108,'7707202196526','Cinta enmascarar','Cinta 24mmX20mts 1\"',0,3600,0,'/images/defaultImage.png',13,47,1,'2023-05-30 08:06:40',NULL,NULL);
INSERT INTO  `pos`.`product` (`id`,`code`,`short_description`,`description`,`cost`,`price`,`stock`,`image`,`id_category`,`id_mark`,`id_state`,`create_time`,`update_time`,`delete_time`) VALUES (109,'7707202196502','Cinta enmascarar','Cinta 12mmX20mts 1/2\"',0,2000,0,'/images/defaultImage.png',13,47,1,'2023-05-30 08:06:40',NULL,NULL);
INSERT INTO  `pos`.`product` (`id`,`code`,`short_description`,`description`,`cost`,`price`,`stock`,`image`,`id_category`,`id_mark`,`id_state`,`create_time`,`update_time`,`delete_time`) VALUES (110,'7702148800254','Repuesto hojas','Repuesto hojas tamaño 95',0,3200,0,'/images/defaultImage.png',13,47,1,'2023-05-30 08:06:40',NULL,NULL);
INSERT INTO  `pos`.`product` (`id`,`code`,`short_description`,`description`,`cost`,`price`,`stock`,`image`,`id_category`,`id_mark`,`id_state`,`create_time`,`update_time`,`delete_time`) VALUES (111,'7 707369 380295','Cuadernillo de musica','Cuaderno musica',0,2800,0,'/images/defaultImage.png',13,47,1,'2023-05-30 08:06:40',NULL,NULL);
INSERT INTO  `pos`.`product` (`id`,`code`,`short_description`,`description`,`cost`,`price`,`stock`,`image`,`id_category`,`id_mark`,`id_state`,`create_time`,`update_time`,`delete_time`) VALUES (112,'7709990621310','Corrector lapiz','Corrector',0,2000,0,'/images/defaultImage.png',13,47,1,'2023-05-30 08:06:40',NULL,NULL);
INSERT INTO  `pos`.`product` (`id`,`code`,`short_description`,`description`,`cost`,`price`,`stock`,`image`,`id_category`,`id_mark`,`id_state`,`create_time`,`update_time`,`delete_time`) VALUES (113,'7709990400083','Corrector pincel','Corredctor',0,2500,0,'/images/defaultImage.png',13,47,1,'2023-05-30 08:06:40',NULL,NULL);
INSERT INTO  `pos`.`product` (`id`,`code`,`short_description`,`description`,`cost`,`price`,`stock`,`image`,`id_category`,`id_mark`,`id_state`,`create_time`,`update_time`,`delete_time`) VALUES (114,'7707325120132','Block iris','Block',0,6500,0,'/images/defaultImage.png',13,47,1,'2023-05-30 08:06:40',NULL,NULL);
INSERT INTO  `pos`.`product` (`id`,`code`,`short_description`,`description`,`cost`,`price`,`stock`,`image`,`id_category`,`id_mark`,`id_state`,`create_time`,`update_time`,`delete_time`) VALUES (115,'7702111559332','Block carta blanco','Block',0,5200,0,'/images/defaultImage.png',13,47,1,'2023-05-30 08:06:40',NULL,NULL);
INSERT INTO  `pos`.`product` (`id`,`code`,`short_description`,`description`,`cost`,`price`,`stock`,`image`,`id_category`,`id_mark`,`id_state`,`create_time`,`update_time`,`delete_time`) VALUES (116,'7702111559325','Block carta cuadriculado','Block',0,5200,0,'/images/defaultImage.png',13,47,1,'2023-05-30 08:06:41',NULL,NULL);
INSERT INTO  `pos`.`product` (`id`,`code`,`short_description`,`description`,`cost`,`price`,`stock`,`image`,`id_category`,`id_mark`,`id_state`,`create_time`,`update_time`,`delete_time`) VALUES (117,'7705465034746','Borrador retractil','Borrador',0,3500,0,'/images/defaultImage.png',13,47,1,'2023-05-30 08:06:41',NULL,NULL);
INSERT INTO  `pos`.`product` (`id`,`code`,`short_description`,`description`,`cost`,`price`,`stock`,`image`,`id_category`,`id_mark`,`id_state`,`create_time`,`update_time`,`delete_time`) VALUES (118,'7709990509212','Resaltador','Resaltador',0,2500,0,'/images/defaultImage.png',13,47,1,'2023-05-30 08:06:41',NULL,NULL);
INSERT INTO  `pos`.`product` (`id`,`code`,`short_description`,`description`,`cost`,`price`,`stock`,`image`,`id_category`,`id_mark`,`id_state`,`create_time`,`update_time`,`delete_time`) VALUES (119,'7703064486607','Marcador metalizado plateado','Marcador  ',0,3500,0,'/images/defaultImage.png',13,47,1,'2023-05-30 08:06:41',NULL,NULL);
INSERT INTO  `pos`.`product` (`id`,`code`,`short_description`,`description`,`cost`,`price`,`stock`,`image`,`id_category`,`id_mark`,`id_state`,`create_time`,`update_time`,`delete_time`) VALUES (120,'7703064486102','Marcador metalizado dorado','Marcador  ',0,3500,0,'/images/defaultImage.png',13,47,1,'2023-05-30 08:06:41',NULL,NULL);
INSERT INTO  `pos`.`product` (`id`,`code`,`short_description`,`description`,`cost`,`price`,`stock`,`image`,`id_category`,`id_mark`,`id_state`,`create_time`,`update_time`,`delete_time`) VALUES (121,'7709948859901','Resaltador','Resaltador',0,1800,0,'/images/defaultImage.png',13,47,1,'2023-05-30 08:06:41',NULL,NULL);
INSERT INTO  `pos`.`product` (`id`,`code`,`short_description`,`description`,`cost`,`price`,`stock`,`image`,`id_category`,`id_mark`,`id_state`,`create_time`,`update_time`,`delete_time`) VALUES (122,'7754111001816','Sharpie  permanente','Sharpie permanente',0,3500,0,'/images/defaultImage.png',13,47,1,'2023-05-30 08:06:41',NULL,NULL);
INSERT INTO  `pos`.`product` (`id`,`code`,`short_description`,`description`,`cost`,`price`,`stock`,`image`,`id_category`,`id_mark`,`id_state`,`create_time`,`update_time`,`delete_time`) VALUES (123,'7703064495203','Marcador permanente','Marcador',0,2000,0,'/images/defaultImage.png',13,47,1,'2023-05-30 08:06:41',NULL,NULL);
INSERT INTO  `pos`.`product` (`id`,`code`,`short_description`,`description`,`cost`,`price`,`stock`,`image`,`id_category`,`id_mark`,`id_state`,`create_time`,`update_time`,`delete_time`) VALUES (124,'7702148800186','Block Oficio','Block oficio cuadriculado',0,4800,0,'/images/defaultImage.png',13,47,1,'2023-05-30 08:06:41',NULL,NULL);
INSERT INTO  `pos`.`product` (`id`,`code`,`short_description`,`description`,`cost`,`price`,`stock`,`image`,`id_category`,`id_mark`,`id_state`,`create_time`,`update_time`,`delete_time`) VALUES (125,'3304\'5866','Hojas Iris','Hojas iris',0,300,0,'/images/defaultImage.png',13,47,1,'2023-05-30 08:06:41',NULL,NULL);
INSERT INTO  `pos`.`product` (`id`,`code`,`short_description`,`description`,`cost`,`price`,`stock`,`image`,`id_category`,`id_mark`,`id_state`,`create_time`,`update_time`,`delete_time`) VALUES (126,'7702111004283','Sobre manila','sobres',0,500,0,'/images/defaultImage.png',13,47,1,'2023-05-30 08:06:41',NULL,NULL);
INSERT INTO  `pos`.`product` (`id`,`code`,`short_description`,`description`,`cost`,`price`,`stock`,`image`,`id_category`,`id_mark`,`id_state`,`create_time`,`update_time`,`delete_time`) VALUES (127,'7707416279176','Pegante liquido','Pegante',0,2200,0,'/images/defaultImage.png',13,18,1,'2023-05-30 08:06:41',NULL,NULL);
INSERT INTO  `pos`.`product` (`id`,`code`,`short_description`,`description`,`cost`,`price`,`stock`,`image`,`id_category`,`id_mark`,`id_state`,`create_time`,`update_time`,`delete_time`) VALUES (128,'7701633036529','CIinta Aislante','Cinta',0,2800,0,'/images/defaultImage.png',12,42,1,'2023-05-30 08:06:41',NULL,NULL);
INSERT INTO  `pos`.`product` (`id`,`code`,`short_description`,`description`,`cost`,`price`,`stock`,`image`,`id_category`,`id_mark`,`id_state`,`create_time`,`update_time`,`delete_time`) VALUES (129,'1226546698844','Cinta Doble faz','Cinta',0,3200,0,'/images/defaultImage.png',12,47,1,'2023-05-30 08:06:41',NULL,NULL);
INSERT INTO  `pos`.`product` (`id`,`code`,`short_description`,`description`,`cost`,`price`,`stock`,`image`,`id_category`,`id_mark`,`id_state`,`create_time`,`update_time`,`delete_time`) VALUES (130,'7707326070016','Caja Plastilina 13 barras','Caja Plastilina grande',0,4500,0,'/images/defaultImage.png',4,38,1,'2023-05-30 08:06:41',NULL,NULL);
INSERT INTO  `pos`.`product` (`id`,`code`,`short_description`,`description`,`cost`,`price`,`stock`,`image`,`id_category`,`id_mark`,`id_state`,`create_time`,`update_time`,`delete_time`) VALUES (131,'7707326070023','Caja Plastilina 9 barras','Caja Plastilina mediana',0,2800,0,'/images/defaultImage.png',5,47,1,'2023-05-30 08:06:41',NULL,NULL);
INSERT INTO  `pos`.`product` (`id`,`code`,`short_description`,`description`,`cost`,`price`,`stock`,`image`,`id_category`,`id_mark`,`id_state`,`create_time`,`update_time`,`delete_time`) VALUES (132,'7707326070030','Caja Plastilina 9 barras','Caja Plastilina pequeña',0,1500,0,'/images/defaultImage.png',5,47,1,'2023-05-30 08:06:41',NULL,NULL);
INSERT INTO  `pos`.`product` (`id`,`code`,`short_description`,`description`,`cost`,`price`,`stock`,`image`,`id_category`,`id_mark`,`id_state`,`create_time`,`update_time`,`delete_time`) VALUES (133,'7707326071679','Crayones Jumbo 6','Crayones',0,8500,0,'/images/defaultImage.png',4,38,1,'2023-05-30 08:06:41',NULL,NULL);
INSERT INTO  `pos`.`product` (`id`,`code`,`short_description`,`description`,`cost`,`price`,`stock`,`image`,`id_category`,`id_mark`,`id_state`,`create_time`,`update_time`,`delete_time`) VALUES (134,'7707326071662','Crayones 12','Crayones',0,4500,0,'/images/defaultImage.png',4,38,1,'2023-05-30 08:06:41',NULL,NULL);
INSERT INTO  `pos`.`product` (`id`,`code`,`short_description`,`description`,`cost`,`price`,`stock`,`image`,`id_category`,`id_mark`,`id_state`,`create_time`,`update_time`,`delete_time`) VALUES (135,'7707326071655','Crayones 6','Crayones',0,2500,0,'/images/defaultImage.png',4,47,1,'2023-05-30 08:06:41',NULL,NULL);
INSERT INTO  `pos`.`product` (`id`,`code`,`short_description`,`description`,`cost`,`price`,`stock`,`image`,`id_category`,`id_mark`,`id_state`,`create_time`,`update_time`,`delete_time`) VALUES (136,'7703486012101','Caja 4','4',0,3600,0,'/images/defaultImage.png',4,47,1,'2023-05-30 08:06:41',NULL,NULL);
INSERT INTO  `pos`.`product` (`id`,`code`,`short_description`,`description`,`cost`,`price`,`stock`,`image`,`id_category`,`id_mark`,`id_state`,`create_time`,`update_time`,`delete_time`) VALUES (137,'7707326070887','Barra plastilina','Plastilina',0,3000,0,'/images/defaultImage.png',4,47,1,'2023-05-30 08:06:41',NULL,NULL);
INSERT INTO  `pos`.`product` (`id`,`code`,`short_description`,`description`,`cost`,`price`,`stock`,`image`,`id_category`,`id_mark`,`id_state`,`create_time`,`update_time`,`delete_time`) VALUES (138,'7705465100038','Caja ganchos mariposa','Ganchos',0,2800,0,'/images/defaultImage.png',4,47,1,'2023-05-30 08:06:41',NULL,NULL);
INSERT INTO  `pos`.`product` (`id`,`code`,`short_description`,`description`,`cost`,`price`,`stock`,`image`,`id_category`,`id_mark`,`id_state`,`create_time`,`update_time`,`delete_time`) VALUES (139,'7707188186023','Separador','Separador plastico',0,2200,0,'/images/defaultImage.png',13,47,1,'2023-05-30 08:06:41',NULL,NULL);
INSERT INTO  `pos`.`product` (`id`,`code`,`short_description`,`description`,`cost`,`price`,`stock`,`image`,`id_category`,`id_mark`,`id_state`,`create_time`,`update_time`,`delete_time`) VALUES (140,'7707188186016','Separador carta','Separador plastico',0,3000,0,'/images/defaultImage.png',13,47,1,'2023-05-30 08:06:41',NULL,NULL);
INSERT INTO  `pos`.`product` (`id`,`code`,`short_description`,`description`,`cost`,`price`,`stock`,`image`,`id_category`,`id_mark`,`id_state`,`create_time`,`update_time`,`delete_time`) VALUES (141,'7709990005417','Forros  Cuaderno','Forro plastico',0,800,0,'/images/defaultImage.png',13,47,1,'2023-05-30 08:06:41',NULL,NULL);
INSERT INTO  `pos`.`product` (`id`,`code`,`short_description`,`description`,`cost`,`price`,`stock`,`image`,`id_category`,`id_mark`,`id_state`,`create_time`,`update_time`,`delete_time`) VALUES (142,'7709533051581','Sobre plastico','Sobre',0,1500,0,'/images/defaultImage.png',13,47,1,'2023-05-30 08:06:41',NULL,NULL);
INSERT INTO  `pos`.`product` (`id`,`code`,`short_description`,`description`,`cost`,`price`,`stock`,`image`,`id_category`,`id_mark`,`id_state`,`create_time`,`update_time`,`delete_time`) VALUES (143,'7707188180595','Carpeta de lomo carta','Carpeta',0,1500,0,'/images/defaultImage.png',13,47,1,'2023-05-30 08:06:41',NULL,NULL);
INSERT INTO  `pos`.`product` (`id`,`code`,`short_description`,`description`,`cost`,`price`,`stock`,`image`,`id_category`,`id_mark`,`id_state`,`create_time`,`update_time`,`delete_time`) VALUES (144,'7707188180663','Carpeta de lomo oficio','Carpeta',0,2000,0,'/images/defaultImage.png',13,47,1,'2023-05-30 08:06:41',NULL,NULL);
INSERT INTO  `pos`.`product` (`id`,`code`,`short_description`,`description`,`cost`,`price`,`stock`,`image`,`id_category`,`id_mark`,`id_state`,`create_time`,`update_time`,`delete_time`) VALUES (145,'7709990400069','Sobre Plastico','Sobre',0,3000,0,'/images/defaultImage.png',13,47,1,'2023-05-30 08:06:41',NULL,NULL);
INSERT INTO  `pos`.`product` (`id`,`code`,`short_description`,`description`,`cost`,`price`,`stock`,`image`,`id_category`,`id_mark`,`id_state`,`create_time`,`update_time`,`delete_time`) VALUES (146,'7709990345513','Bolsillos de Acetato','Bolsillo oficio',0,400,0,'/images/defaultImage.png',13,47,1,'2023-05-30 08:06:41',NULL,NULL);
INSERT INTO  `pos`.`product` (`id`,`code`,`short_description`,`description`,`cost`,`price`,`stock`,`image`,`id_category`,`id_mark`,`id_state`,`create_time`,`update_time`,`delete_time`) VALUES (147,'7709990345506','Bolsillos de Acetato','Bolsillo carta',0,300,0,'/images/defaultImage.png',13,47,1,'2023-05-30 08:06:41',NULL,NULL);
INSERT INTO  `pos`.`product` (`id`,`code`,`short_description`,`description`,`cost`,`price`,`stock`,`image`,`id_category`,`id_mark`,`id_state`,`create_time`,`update_time`,`delete_time`) VALUES (148,'7709990866452','Bolsillos de Acetato','Bolsillo carta grueso',0,800,0,'/images/defaultImage.png',13,47,1,'2023-05-30 08:06:41',NULL,NULL);
INSERT INTO  `pos`.`product` (`id`,`code`,`short_description`,`description`,`cost`,`price`,`stock`,`image`,`id_category`,`id_mark`,`id_state`,`create_time`,`update_time`,`delete_time`) VALUES (149,'7707319064756','Caja','Caja',0,4000,0,'/images/defaultImage.png',15,48,1,'2023-05-30 08:06:41',NULL,NULL);
INSERT INTO  `pos`.`product` (`id`,`code`,`short_description`,`description`,`cost`,`price`,`stock`,`image`,`id_category`,`id_mark`,`id_state`,`create_time`,`update_time`,`delete_time`) VALUES (150,'7707319064435','Caja','Caja',0,2500,0,'/images/defaultImage.png',15,48,1,'2023-05-30 08:06:41',NULL,NULL);
INSERT INTO  `pos`.`product` (`id`,`code`,`short_description`,`description`,`cost`,`price`,`stock`,`image`,`id_category`,`id_mark`,`id_state`,`create_time`,`update_time`,`delete_time`) VALUES (151,'7101319064448','Caja','Caja',0,4000,0,'/images/defaultImage.png',15,48,1,'2023-05-30 08:06:41',NULL,NULL);
INSERT INTO  `pos`.`product` (`id`,`code`,`short_description`,`description`,`cost`,`price`,`stock`,`image`,`id_category`,`id_mark`,`id_state`,`create_time`,`update_time`,`delete_time`) VALUES (152,'7707319064466','Caja','Caja',0,8000,0,'/images/defaultImage.png',15,48,1,'2023-05-30 08:06:41',NULL,NULL);
INSERT INTO  `pos`.`product` (`id`,`code`,`short_description`,`description`,`cost`,`price`,`stock`,`image`,`id_category`,`id_mark`,`id_state`,`create_time`,`update_time`,`delete_time`) VALUES (153,'7703513011336','Lienzo 15 X 20','Lienzo 15 X 20',0,8500,0,'/images/defaultImage.png',16,49,1,'2023-05-30 08:06:41',NULL,NULL);
INSERT INTO  `pos`.`product` (`id`,`code`,`short_description`,`description`,`cost`,`price`,`stock`,`image`,`id_category`,`id_mark`,`id_state`,`create_time`,`update_time`,`delete_time`) VALUES (154,'7703513011350','Lienzo 20 X 25','Lienzo 20 X 25',0,11500,0,'/images/defaultImage.png',16,49,1,'2023-05-30 08:06:41',NULL,NULL);
INSERT INTO  `pos`.`product` (`id`,`code`,`short_description`,`description`,`cost`,`price`,`stock`,`image`,`id_category`,`id_mark`,`id_state`,`create_time`,`update_time`,`delete_time`) VALUES (155,'7703513011374','Lienzo 25 X 25','Lienzo 25 X 25',0,14000,0,'/images/defaultImage.png',16,49,1,'2023-05-30 08:06:41',NULL,NULL);
INSERT INTO  `pos`.`product` (`id`,`code`,`short_description`,`description`,`cost`,`price`,`stock`,`image`,`id_category`,`id_mark`,`id_state`,`create_time`,`update_time`,`delete_time`) VALUES (156,'7703513011404','Lienzo 30 X 30','Lienzo 30 X 30',0,15500,0,'/images/defaultImage.png',16,49,1,'2023-05-30 08:06:41',NULL,NULL);
INSERT INTO  `pos`.`product` (`id`,`code`,`short_description`,`description`,`cost`,`price`,`stock`,`image`,`id_category`,`id_mark`,`id_state`,`create_time`,`update_time`,`delete_time`) VALUES (157,'7702111591851','Cuaderno Argollado ','Cuaderno ',0,8000,0,'/images/defaultImage.png',1,19,1,'2023-05-30 08:06:41',NULL,NULL);
INSERT INTO  `pos`.`product` (`id`,`code`,`short_description`,`description`,`cost`,`price`,`stock`,`image`,`id_category`,`id_mark`,`id_state`,`create_time`,`update_time`,`delete_time`) VALUES (158,'7701103086146','Cuaderno Argollado 7M','Cuaderno',0,32000,0,'/images/defaultImage.png',1,50,1,'2023-05-30 08:06:41',NULL,NULL);
INSERT INTO  `pos`.`product` (`id`,`code`,`short_description`,`description`,`cost`,`price`,`stock`,`image`,`id_category`,`id_mark`,`id_state`,`create_time`,`update_time`,`delete_time`) VALUES (159,'7707188188416','Cuaderno  50 hojas','Cuaderno',0,3000,0,'/images/defaultImage.png',1,51,1,'2023-05-30 08:06:41',NULL,NULL);
INSERT INTO  `pos`.`product` (`id`,`code`,`short_description`,`description`,`cost`,`price`,`stock`,`image`,`id_category`,`id_mark`,`id_state`,`create_time`,`update_time`,`delete_time`) VALUES (160,'7707320140739-1','CuadernoArgollado 5M','Cuaderno',0,28000,0,'/images/defaultImage.png',1,52,1,'2023-05-30 08:06:41',NULL,NULL);
INSERT INTO  `pos`.`product` (`id`,`code`,`short_description`,`description`,`cost`,`price`,`stock`,`image`,`id_category`,`id_mark`,`id_state`,`create_time`,`update_time`,`delete_time`) VALUES (161,'7707188182100','Cuaderno Argollado','Cuaderno',0,6000,0,'/images/defaultImage.png',1,51,1,'2023-05-30 08:06:41',NULL,NULL);
INSERT INTO  `pos`.`product` (`id`,`code`,`short_description`,`description`,`cost`,`price`,`stock`,`image`,`id_category`,`id_mark`,`id_state`,`create_time`,`update_time`,`delete_time`) VALUES (162,'7707317355023','1/8 Cartulina bristol','Cartulina',0,300,0,'/images/defaultImage.png',14,14,1,'2023-05-30 08:06:41',NULL,NULL);
